Protocol,Mode,Scenario,Run,Seed,N,Slot,OnsetSlot,HotspotActive,Algorithm,BudgetFraction,Satisfaction,Migrations,MigrationMB,AdmissionTransitions,RejectionTransitions,TotalPlacementStateTransitions,AdmittedTasks,RejectedTasks,RuntimeSec,BudgetGuardEnabled,MoveBudget,RepairOverride,BudgetExcess,ResourceViolationRate
paper2_revision_v3_transition_audit_20260906,SMOKE,compute_hotspot,1,2026074101,180,1,11,0,FullResched,0.05,49.4444444444444,0,0,0,0,0,154,26,0.0971618,0,NaN,0,0,0
paper2_revision_v3_transition_audit_20260906,SMOKE,compute_hotspot,1,2026074101,180,1,11,0,HIVE,0.05,47.2222222222222,0,0,0,0,0,156,24,2.0653232,0,NaN,0,0,0
paper2_revision_v3_transition_audit_20260906,SMOKE,compute_hotspot,1,2026074101,180,1,11,0,BigMECGreedy,0.05,37.7777777777778,0,0,0,0,0,156,24,0.0402135,0,NaN,0,0,0
paper2_revision_v3_transition_audit_20260906,SMOKE,compute_hotspot,1,2026074101,180,1,11,0,BudgetedLNS,0.05,52.2222222222222,0,0,0,0,0,154,26,0.1666588,1,9,0,0,0
paper2_revision_v3_transition_audit_20260906,SMOKE,compute_hotspot,1,2026074101,180,2,11,0,FullResched,0.05,47.2222222222222,41,99.2167999999999,0,0,41,154,26,0.0148988,0,NaN,0,0,0
paper2_revision_v3_transition_audit_20260906,SMOKE,compute_hotspot,1,2026074101,180,2,11,0,HIVE,0.05,45,59,138.1068,0,2,61,154,26,1.5472331,0,NaN,0,0,0
paper2_revision_v3_transition_audit_20260906,SMOKE,compute_hotspot,1,2026074101,180,2,11,0,BigMECGreedy,0.05,43.8888888888889,23,87.9371999999999,0,1,24,155,25,0.0034888,0,NaN,0,0,0
paper2_revision_v3_transition_audit_20260906,SMOKE,compute_hotspot,1,2026074101,180,2,11,0,BudgetedLNS,0.05,50.5555555555556,5,47.0564,0,0,5,154,26,0.1254013,1,9,0,0,0
paper2_revision_v3_transition_audit_20260906,SMOKE,compute_hotspot,1,2026074101,180,3,11,0,FullResched,0.05,48.8888888888889,47,107.5784,0,1,48,153,27,0.0093492,0,NaN,0,0,0
paper2_revision_v3_transition_audit_20260906,SMOKE,compute_hotspot,1,2026074101,180,3,11,0,HIVE,0.05,40.5555555555556,61,109.9656,0,1,62,153,27,1.6943938,0,NaN,0,0,0
paper2_revision_v3_transition_audit_20260906,SMOKE,compute_hotspot,1,2026074101,180,3,11,0,BigMECGreedy,0.05,48.8888888888889,24,78.8435999999999,0,1,25,154,26,0.0017798,0,NaN,0,0,0
paper2_revision_v3_transition_audit_20260906,SMOKE,compute_hotspot,1,2026074101,180,3,11,0,BudgetedLNS,0.05,57.7777777777778,2,15.2652,0,2,4,152,28,0.1928643,1,9,0,0,0
paper2_revision_v3_transition_audit_20260906,SMOKE,compute_hotspot,1,2026074101,180,4,11,0,FullResched,0.05,54.4444444444444,46,65.4328,0,1,47,152,28,0.0173701,0,NaN,0,0,0
paper2_revision_v3_transition_audit_20260906,SMOKE,compute_hotspot,1,2026074101,180,4,11,0,HIVE,0.05,42.2222222222222,54,84.0825999999999,0,0,54,153,27,1.7660918,0,NaN,0,0,0
paper2_revision_v3_transition_audit_20260906,SMOKE,compute_hotspot,1,2026074101,180,4,11,0,BigMECGreedy,0.05,46.1111111111111,17,27.341,0,2,19,152,28,0.0011243,0,NaN,0,0,0
paper2_revision_v3_transition_audit_20260906,SMOKE,compute_hotspot,1,2026074101,180,4,11,0,BudgetedLNS,0.05,59.4444444444444,3,29.8004,0,0,3,152,28,0.2357981,1,9,0,0,0
paper2_revision_v3_transition_audit_20260906,SMOKE,compute_hotspot,1,2026074101,180,5,11,0,FullResched,0.05,43.8888888888889,48,92.5124,1,0,49,153,27,0.0204569,0,NaN,0,0,0
paper2_revision_v3_transition_audit_20260906,SMOKE,compute_hotspot,1,2026074101,180,5,11,0,HIVE,0.05,39.4444444444444,48,117.1366,0,0,48,153,27,1.799235,0,NaN,0,0,0
paper2_revision_v3_transition_audit_20260906,SMOKE,compute_hotspot,1,2026074101,180,5,11,0,BigMECGreedy,0.05,46.1111111111111,12,17.7186,1,0,13,153,27,0.0045232,0,NaN,0,0,0
paper2_revision_v3_transition_audit_20260906,SMOKE,compute_hotspot,1,2026074101,180,5,11,0,BudgetedLNS,0.05,58.8888888888889,0,0,0,0,0,152,28,0.163498,1,9,0,0,0
paper2_revision_v3_transition_audit_20260906,SMOKE,compute_hotspot,1,2026074101,180,6,11,0,FullResched,0.05,51.6666666666667,51,97.6885999999999,0,1,52,152,28,0.0225385,0,NaN,0,0,0
paper2_revision_v3_transition_audit_20260906,SMOKE,compute_hotspot,1,2026074101,180,6,11,0,HIVE,0.05,41.1111111111111,58,129.4136,0,2,60,151,29,1.5410923,0,NaN,0,0,0
paper2_revision_v3_transition_audit_20260906,SMOKE,compute_hotspot,1,2026074101,180,6,11,0,BigMECGreedy,0.05,48.3333333333333,19,42.6062,0,1,20,152,28,0.0012528,0,NaN,0,0,0
paper2_revision_v3_transition_audit_20260906,SMOKE,compute_hotspot,1,2026074101,180,6,11,0,BudgetedLNS,0.05,55,0,0,0,0,0,152,28,0.1794055,1,9,0,0,0
paper2_revision_v3_transition_audit_20260906,SMOKE,compute_hotspot,1,2026074101,180,7,11,0,FullResched,0.05,43.8888888888889,49,94.2377999999999,0,0,49,152,28,0.0131752,0,NaN,0,0,0
paper2_revision_v3_transition_audit_20260906,SMOKE,compute_hotspot,1,2026074101,180,7,11,0,HIVE,0.05,35,58,146.205,2,0,60,153,27,1.7367499,0,NaN,0,0,0
paper2_revision_v3_transition_audit_20260906,SMOKE,compute_hotspot,1,2026074101,180,7,11,0,BigMECGreedy,0.05,46.6666666666667,21,70.6812,0,0,21,152,28,0.0011689,0,NaN,0,0,0
paper2_revision_v3_transition_audit_20260906,SMOKE,compute_hotspot,1,2026074101,180,7,11,0,BudgetedLNS,0.05,58.3333333333333,1,0.73,0,0,1,152,28,0.2296324,1,9,0,0,0
paper2_revision_v3_transition_audit_20260906,SMOKE,compute_hotspot,1,2026074101,180,8,11,0,FullResched,0.05,50.5555555555556,52,75.7852,0,0,52,152,28,0.0226017,0,NaN,0,0,0
paper2_revision_v3_transition_audit_20260906,SMOKE,compute_hotspot,1,2026074101,180,8,11,0,HIVE,0.05,40.5555555555556,64,138.7706,0,1,65,152,28,1.619849,0,NaN,0,0,0
paper2_revision_v3_transition_audit_20260906,SMOKE,compute_hotspot,1,2026074101,180,8,11,0,BigMECGreedy,0.05,45.5555555555556,20,70.9466,0,1,21,151,29,0.0007034,0,NaN,0,0,0
paper2_revision_v3_transition_audit_20260906,SMOKE,compute_hotspot,1,2026074101,180,8,11,0,BudgetedLNS,0.05,57.2222222222222,3,5.1762,0,0,3,152,28,0.2080258,1,9,0,0,0
paper2_revision_v3_transition_audit_20260906,SMOKE,compute_hotspot,1,2026074101,180,9,11,0,FullResched,0.05,51.1111111111111,48,82.6887999999999,0,0,48,152,28,0.016709,0,NaN,0,0,0
paper2_revision_v3_transition_audit_20260906,SMOKE,compute_hotspot,1,2026074101,180,9,11,0,HIVE,0.05,35.5555555555556,63,127.2216,0,0,63,152,28,1.2719376,0,NaN,0,0,0
paper2_revision_v3_transition_audit_20260906,SMOKE,compute_hotspot,1,2026074101,180,9,11,0,BigMECGreedy,0.05,47.2222222222222,14,34.9746,0,0,14,151,29,0.0006641,0,NaN,0,0,0
paper2_revision_v3_transition_audit_20260906,SMOKE,compute_hotspot,1,2026074101,180,9,11,0,BudgetedLNS,0.05,56.6666666666667,0,0,0,0,0,152,28,0.1265769,1,9,0,0,0
paper2_revision_v3_transition_audit_20260906,SMOKE,compute_hotspot,1,2026074101,180,10,11,0,FullResched,0.05,53.8888888888889,62,115.6726,0,0,62,152,28,0.0129093,0,NaN,0,0,0
paper2_revision_v3_transition_audit_20260906,SMOKE,compute_hotspot,1,2026074101,180,10,11,0,HIVE,0.05,38.8888888888889,50,93.9723999999999,0,0,50,152,28,1.7874215,0,NaN,0,0,0
paper2_revision_v3_transition_audit_20260906,SMOKE,compute_hotspot,1,2026074101,180,10,11,0,BigMECGreedy,0.05,42.7777777777778,21,46.057,0,0,21,151,29,0.0009778,0,NaN,0,0,0
paper2_revision_v3_transition_audit_20260906,SMOKE,compute_hotspot,1,2026074101,180,10,11,0,BudgetedLNS,0.05,56.6666666666667,2,3.4508,0,0,2,152,28,0.2111207,1,9,0,0,0
paper2_revision_v3_transition_audit_20260906,SMOKE,compute_hotspot,1,2026074101,180,11,11,1,FullResched,0.05,68.3333333333333,55,78.9706,0,14,69,138,42,0.0160704,0,NaN,0,0,0
paper2_revision_v3_transition_audit_20260906,SMOKE,compute_hotspot,1,2026074101,180,11,11,1,HIVE,0.05,48.3333333333333,56,75.719,0,14,70,138,42,1.5485836,0,NaN,0,0,0
paper2_revision_v3_transition_audit_20260906,SMOKE,compute_hotspot,1,2026074101,180,11,11,1,BigMECGreedy,0.05,38.3333333333333,32,50.2358,0,13,45,138,42,0.0003861,0,NaN,0,0,0
paper2_revision_v3_transition_audit_20260906,SMOKE,compute_hotspot,1,2026074101,180,11,11,1,BudgetedLNS,0.05,62.7777777777778,13,21.4348,0,14,27,138,42,0.1068387,1,9,1,4,0
paper2_revision_v3_transition_audit_20260906,SMOKE,compute_hotspot,1,2026074101,180,12,11,1,FullResched,0.05,68.8888888888889,44,65.9636,0,0,44,138,42,0.0107451,0,NaN,0,0,0
paper2_revision_v3_transition_audit_20260906,SMOKE,compute_hotspot,1,2026074101,180,12,11,1,HIVE,0.05,52.7777777777778,65,87.266,0,0,65,138,42,1.750181,0,NaN,0,0,0
paper2_revision_v3_transition_audit_20260906,SMOKE,compute_hotspot,1,2026074101,180,12,11,1,BigMECGreedy,0.05,45,13,18.4486,0,0,13,138,42,0.0004345,0,NaN,0,0,0
paper2_revision_v3_transition_audit_20260906,SMOKE,compute_hotspot,1,2026074101,180,12,11,1,BudgetedLNS,0.05,65.5555555555556,7,10.087,0,0,7,138,42,0.1304778,1,9,0,0,0
paper2_revision_v3_transition_audit_20260906,SMOKE,compute_hotspot,1,2026074101,180,13,11,1,FullResched,0.05,60.5555555555556,43,62.2474,1,0,44,139,41,0.0187941,0,NaN,0,0,0
paper2_revision_v3_transition_audit_20260906,SMOKE,compute_hotspot,1,2026074101,180,13,11,1,HIVE,0.05,51.6666666666667,61,78.3736,1,0,62,139,41,1.5639167,0,NaN,0,0,0
paper2_revision_v3_transition_audit_20260906,SMOKE,compute_hotspot,1,2026074101,180,13,11,1,BigMECGreedy,0.05,44.4444444444444,9,15.5286,2,0,11,140,40,0.0003907,0,NaN,0,0,0
paper2_revision_v3_transition_audit_20260906,SMOKE,compute_hotspot,1,2026074101,180,13,11,1,BudgetedLNS,0.05,65.5555555555556,0,0,0,0,0,138,42,0.070651,1,9,0,0,0
paper2_revision_v3_transition_audit_20260906,SMOKE,compute_hotspot,1,2026074101,180,14,11,1,FullResched,0.05,57.7777777777778,39,55.3458,0,0,39,139,41,0.0107616,0,NaN,0,0,0
paper2_revision_v3_transition_audit_20260906,SMOKE,compute_hotspot,1,2026074101,180,14,11,1,HIVE,0.05,52.2222222222222,50,68.3528,0,0,50,139,41,1.5486627,0,NaN,0,0,0
paper2_revision_v3_transition_audit_20260906,SMOKE,compute_hotspot,1,2026074101,180,14,11,1,BigMECGreedy,0.05,51.6666666666667,16,22.6294,0,0,16,140,40,0.000455,0,NaN,0,0,0
paper2_revision_v3_transition_audit_20260906,SMOKE,compute_hotspot,1,2026074101,180,14,11,1,BudgetedLNS,0.05,65.5555555555556,2,3.4508,0,0,2,138,42,0.1071522,1,9,0,0,0
paper2_revision_v3_transition_audit_20260906,SMOKE,compute_hotspot,1,2026074101,180,15,11,1,FullResched,0.05,60,49,74.5906,0,0,49,139,41,0.0123334,0,NaN,0,0,0
paper2_revision_v3_transition_audit_20260906,SMOKE,compute_hotspot,1,2026074101,180,15,11,1,HIVE,0.05,48.8888888888889,58,83.1514,1,0,59,140,40,1.2454002,0,NaN,0,0,0
paper2_revision_v3_transition_audit_20260906,SMOKE,compute_hotspot,1,2026074101,180,15,11,1,BigMECGreedy,0.05,48.8888888888889,19,26.8102,0,0,19,140,40,0.0003695,0,NaN,0,0,0
paper2_revision_v3_transition_audit_20260906,SMOKE,compute_hotspot,1,2026074101,180,15,11,1,BudgetedLNS,0.05,60.5555555555556,1,0.73,1,0,2,139,41,0.080492,1,9,0,0,0
paper2_revision_v3_transition_audit_20260906,SMOKE,compute_hotspot,1,2026074101,180,16,11,1,FullResched,0.05,52.2222222222222,43,64.2382,1,0,44,140,40,0.0167378,0,NaN,0,0,0
paper2_revision_v3_transition_audit_20260906,SMOKE,compute_hotspot,1,2026074101,180,16,11,1,HIVE,0.05,46.6666666666667,57,81.4259999999999,1,0,58,141,39,0.9163704,0,NaN,0,0,0
paper2_revision_v3_transition_audit_20260906,SMOKE,compute_hotspot,1,2026074101,180,16,11,1,BigMECGreedy,0.05,51.1111111111111,27,36.6318,0,0,27,140,40,0.0003841,0,NaN,0,0,0
paper2_revision_v3_transition_audit_20260906,SMOKE,compute_hotspot,1,2026074101,180,16,11,1,BudgetedLNS,0.05,61.6666666666667,5,6.6362,1,0,6,140,40,0.0751298,1,9,0,0,0
paper2_revision_v3_transition_audit_20260906,SMOKE,compute_hotspot,1,2026074101,180,17,11,1,FullResched,0.05,53.8888888888889,46,68.419,1,0,47,141,39,0.0112072,0,NaN,0,0,0
paper2_revision_v3_transition_audit_20260906,SMOKE,compute_hotspot,1,2026074101,180,17,11,1,HIVE,0.05,45,40,58.0666,0,0,40,141,39,1.0553898,0,NaN,0,0,0
paper2_revision_v3_transition_audit_20260906,SMOKE,compute_hotspot,1,2026074101,180,17,11,1,BigMECGreedy,0.05,46.1111111111111,24,36.4326,1,0,25,141,39,0.0006556,0,NaN,0,0,0
paper2_revision_v3_transition_audit_20260906,SMOKE,compute_hotspot,1,2026074101,180,17,11,1,BudgetedLNS,0.05,62.7777777777778,0,0,0,0,0,140,40,0.1266237,1,9,0,0,0
paper2_revision_v3_transition_audit_20260906,SMOKE,compute_hotspot,1,2026074101,180,18,11,1,FullResched,0.05,62.7777777777778,41,59.792,0,1,42,140,40,0.0254639,0,NaN,0,0,0
paper2_revision_v3_transition_audit_20260906,SMOKE,compute_hotspot,1,2026074101,180,18,11,1,HIVE,0.05,51.6666666666667,55,75.9844,0,0,55,141,39,1.2227335,0,NaN,0,0,0
paper2_revision_v3_transition_audit_20260906,SMOKE,compute_hotspot,1,2026074101,180,18,11,1,BigMECGreedy,0.05,60.5555555555556,21,29.2656,0,1,22,140,40,0.0003916,0,NaN,0,0,0
paper2_revision_v3_transition_audit_20260906,SMOKE,compute_hotspot,1,2026074101,180,18,11,1,BudgetedLNS,0.05,60.5555555555556,3,4.1808,1,0,4,141,39,0.0821402,1,9,0,0,0
paper2_revision_v3_transition_audit_20260906,SMOKE,compute_hotspot,1,2026074101,180,19,11,1,FullResched,0.05,55,52,73.7944,2,0,54,142,38,0.0132433,0,NaN,0,0,0
paper2_revision_v3_transition_audit_20260906,SMOKE,compute_hotspot,1,2026074101,180,19,11,1,HIVE,0.05,52.2222222222222,58,80.1652,0,0,58,141,39,1.2521317,0,NaN,0,0,0
paper2_revision_v3_transition_audit_20260906,SMOKE,compute_hotspot,1,2026074101,180,19,11,1,BigMECGreedy,0.05,53.3333333333333,20,28.5356,0,0,20,140,40,0.0003808,0,NaN,0,0,0
paper2_revision_v3_transition_audit_20260906,SMOKE,compute_hotspot,1,2026074101,180,19,11,1,BudgetedLNS,0.05,61.1111111111111,0,0,0,0,0,141,39,0.0900968,1,9,0,0,0
paper2_revision_v3_transition_audit_20260906,SMOKE,compute_hotspot,1,2026074101,180,20,11,1,FullResched,0.05,55,52,76.7806,0,1,53,141,39,0.0177542,0,NaN,0,0,0
paper2_revision_v3_transition_audit_20260906,SMOKE,compute_hotspot,1,2026074101,180,20,11,1,HIVE,0.05,52.2222222222222,52,69.8128,1,0,53,142,38,1.3973307,0,NaN,0,0,0
paper2_revision_v3_transition_audit_20260906,SMOKE,compute_hotspot,1,2026074101,180,20,11,1,BigMECGreedy,0.05,43.8888888888889,17,23.3594,2,0,19,142,38,0.0005983,0,NaN,0,0,0
paper2_revision_v3_transition_audit_20260906,SMOKE,compute_hotspot,1,2026074101,180,20,11,1,BudgetedLNS,0.05,60.5555555555556,0,0,0,0,0,141,39,0.1272535,1,9,0,0,0
paper2_revision_v3_transition_audit_20260906,SMOKE,compute_hotspot,1,2026074101,180,21,11,1,FullResched,0.05,53.8888888888889,51,75.0552,0,1,52,140,40,0.016428,0,NaN,0,0,0
paper2_revision_v3_transition_audit_20260906,SMOKE,compute_hotspot,1,2026074101,180,21,11,1,HIVE,0.05,48.3333333333333,49,71.6044,0,0,49,142,38,2.2213793,0,NaN,0,0,0
paper2_revision_v3_transition_audit_20260906,SMOKE,compute_hotspot,1,2026074101,180,21,11,1,BigMECGreedy,0.05,44.4444444444444,21,32.2518,0,1,22,141,39,0.0007952,0,NaN,0,0,0
paper2_revision_v3_transition_audit_20260906,SMOKE,compute_hotspot,1,2026074101,180,21,11,1,BudgetedLNS,0.05,60,0,0,0,0,0,141,39,0.1406468,1,9,0,0,0
paper2_revision_v3_transition_audit_20260906,SMOKE,compute_hotspot,1,2026074101,180,22,11,1,FullResched,0.05,49.4444444444444,46,69.4144,0,0,46,140,40,0.0120438,0,NaN,0,0,0
paper2_revision_v3_transition_audit_20260906,SMOKE,compute_hotspot,1,2026074101,180,22,11,1,HIVE,0.05,43.3333333333333,63,85.8059999999999,0,2,65,140,40,0.9442502,0,NaN,0,0,0
paper2_revision_v3_transition_audit_20260906,SMOKE,compute_hotspot,1,2026074101,180,22,11,1,BigMECGreedy,0.05,41.6666666666667,16,22.6294,0,0,16,141,39,0.0014724,0,NaN,0,0,0
paper2_revision_v3_transition_audit_20260906,SMOKE,compute_hotspot,1,2026074101,180,22,11,1,BudgetedLNS,0.05,54.4444444444444,2,3.4508,0,0,2,141,39,0.1051165,1,9,0,0,0
paper2_revision_v3_transition_audit_20260906,SMOKE,compute_hotspot,1,2026074101,180,23,11,1,FullResched,0.05,61.1111111111111,64,94.4991999999999,0,1,65,139,41,0.0096353,0,NaN,0,0,0
paper2_revision_v3_transition_audit_20260906,SMOKE,compute_hotspot,1,2026074101,180,23,11,1,HIVE,0.05,52.2222222222222,54,74.259,0,0,54,140,40,0.887194,0,NaN,0,0,0
paper2_revision_v3_transition_audit_20260906,SMOKE,compute_hotspot,1,2026074101,180,23,11,1,BigMECGreedy,0.05,52.2222222222222,20,28.5356,0,1,21,140,40,0.0003776,0,NaN,0,0,0
paper2_revision_v3_transition_audit_20260906,SMOKE,compute_hotspot,1,2026074101,180,23,11,1,BudgetedLNS,0.05,58.3333333333333,5,7.6316,0,1,6,140,40,0.0797311,1,9,0,0,0
paper2_revision_v3_transition_audit_20260906,SMOKE,compute_hotspot,1,2026074101,180,24,11,1,FullResched,0.05,56.6666666666667,51,73.0644,0,0,51,139,41,0.0095124,0,NaN,0,0,0
paper2_revision_v3_transition_audit_20260906,SMOKE,compute_hotspot,1,2026074101,180,24,11,1,HIVE,0.05,52.7777777777778,51,68.0874,0,1,52,139,41,0.9550705,0,NaN,0,0,0
paper2_revision_v3_transition_audit_20260906,SMOKE,compute_hotspot,1,2026074101,180,24,11,1,BigMECGreedy,0.05,55,22,31.9864,0,1,23,139,41,0.000737,0,NaN,0,0,0
paper2_revision_v3_transition_audit_20260906,SMOKE,compute_hotspot,1,2026074101,180,24,11,1,BudgetedLNS,0.05,62.7777777777778,2,2.4554,0,1,3,139,41,0.0766488,1,9,0,0,0
paper2_revision_v3_transition_audit_20260906,SMOKE,compute_hotspot,1,2026074101,180,25,11,1,FullResched,0.05,65,54,80.2314,0,1,55,138,42,0.0114636,0,NaN,0,0,0
paper2_revision_v3_transition_audit_20260906,SMOKE,compute_hotspot,1,2026074101,180,25,11,1,HIVE,0.05,42.2222222222222,54,73.2636,1,0,55,140,40,1.2859322,0,NaN,0,0,0
paper2_revision_v3_transition_audit_20260906,SMOKE,compute_hotspot,1,2026074101,180,25,11,1,BigMECGreedy,0.05,46.6666666666667,17,24.3548,0,1,18,138,42,0.0003714,0,NaN,0,0,0
paper2_revision_v3_transition_audit_20260906,SMOKE,compute_hotspot,1,2026074101,180,25,11,1,BudgetedLNS,0.05,68.8888888888889,5,7.6316,0,1,6,138,42,0.0821563,1,9,0,0,0
paper2_revision_v3_transition_audit_20260906,SMOKE,compute_hotspot,1,2026074101,180,26,11,1,FullResched,0.05,63.3333333333333,61,86.3368,0,0,61,138,42,0.0108495,0,NaN,0,0,0
paper2_revision_v3_transition_audit_20260906,SMOKE,compute_hotspot,1,2026074101,180,26,11,1,HIVE,0.05,50,55,77.9752,0,1,56,139,41,0.8327838,0,NaN,0,0,0
paper2_revision_v3_transition_audit_20260906,SMOKE,compute_hotspot,1,2026074101,180,26,11,1,BigMECGreedy,0.05,54.4444444444444,19,25.8148,0,0,19,138,42,0.0007635,0,NaN,0,0,0
paper2_revision_v3_transition_audit_20260906,SMOKE,compute_hotspot,1,2026074101,180,26,11,1,BudgetedLNS,0.05,68.3333333333333,3,4.1808,0,0,3,138,42,0.0974743,1,9,0,0,0
paper2_revision_v3_transition_audit_20260906,SMOKE,compute_hotspot,1,2026074101,180,27,11,1,FullResched,0.05,63.8888888888889,53,72.5336,0,0,53,138,42,0.0100818,0,NaN,0,0,0
paper2_revision_v3_transition_audit_20260906,SMOKE,compute_hotspot,1,2026074101,180,27,11,1,HIVE,0.05,51.1111111111111,53,77.5106,0,1,54,138,42,0.9471311,0,NaN,0,0,0
paper2_revision_v3_transition_audit_20260906,SMOKE,compute_hotspot,1,2026074101,180,27,11,1,BigMECGreedy,0.05,53.3333333333333,15,18.9132,0,1,16,137,43,0.0003982,0,NaN,0,0,0
paper2_revision_v3_transition_audit_20260906,SMOKE,compute_hotspot,1,2026074101,180,27,11,1,BudgetedLNS,0.05,68.3333333333333,4,5.9062,0,0,4,138,42,0.088155,1,9,0,0,0
paper2_revision_v3_transition_audit_20260906,SMOKE,compute_hotspot,1,2026074101,180,28,11,1,FullResched,0.05,56.6666666666667,56,76.7144,0,0,56,138,42,0.0163973,0,NaN,0,0,0
paper2_revision_v3_transition_audit_20260906,SMOKE,compute_hotspot,1,2026074101,180,28,11,1,HIVE,0.05,46.1111111111111,50,69.3482,1,0,51,139,41,0.8879625,0,NaN,0,0,0
paper2_revision_v3_transition_audit_20260906,SMOKE,compute_hotspot,1,2026074101,180,28,11,1,BigMECGreedy,0.05,43.8888888888889,16,25.6156,1,0,17,138,42,0.0003776,0,NaN,0,0,0
paper2_revision_v3_transition_audit_20260906,SMOKE,compute_hotspot,1,2026074101,180,28,11,1,BudgetedLNS,0.05,67.2222222222222,0,0,0,0,0,138,42,0.0815585,1,9,0,0,0
paper2_revision_v3_transition_audit_20260906,SMOKE,compute_hotspot,1,2026074101,180,29,11,1,FullResched,0.05,57.2222222222222,49,66.6274,0,0,49,138,42,0.0134336,0,NaN,0,0,0
paper2_revision_v3_transition_audit_20260906,SMOKE,compute_hotspot,1,2026074101,180,29,11,1,HIVE,0.05,42.2222222222222,50,65.3666,0,0,50,139,41,0.8933851,0,NaN,0,0,0
paper2_revision_v3_transition_audit_20260906,SMOKE,compute_hotspot,1,2026074101,180,29,11,1,BigMECGreedy,0.05,45.5555555555556,19,31.7872,0,0,19,138,42,0.0004983,0,NaN,0,0,0
paper2_revision_v3_transition_audit_20260906,SMOKE,compute_hotspot,1,2026074101,180,29,11,1,BudgetedLNS,0.05,66.1111111111111,0,0,0,0,0,138,42,0.0661842,1,9,0,0,0
paper2_revision_v3_transition_audit_20260906,SMOKE,compute_hotspot,1,2026074101,180,30,11,1,FullResched,0.05,67.7777777777778,47,64.172,0,0,47,138,42,0.0123542,0,NaN,0,0,0
paper2_revision_v3_transition_audit_20260906,SMOKE,compute_hotspot,1,2026074101,180,30,11,1,HIVE,0.05,51.6666666666667,66,92.9729999999999,0,1,67,138,42,1.0046768,0,NaN,0,0,0
paper2_revision_v3_transition_audit_20260906,SMOKE,compute_hotspot,1,2026074101,180,30,11,1,BigMECGreedy,0.05,43.3333333333333,21,32.2518,0,0,21,138,42,0.0004156,0,NaN,0,0,0
paper2_revision_v3_transition_audit_20260906,SMOKE,compute_hotspot,1,2026074101,180,30,11,1,BudgetedLNS,0.05,67.2222222222222,0,0,0,0,0,138,42,0.0755775,1,9,0,0,0
paper2_revision_v3_transition_audit_20260906,SMOKE,compute_hotspot,2,2026074102,180,1,11,0,FullResched,0.05,50,0,0,0,0,0,153,27,0.0141578,0,NaN,0,0,0
paper2_revision_v3_transition_audit_20260906,SMOKE,compute_hotspot,2,2026074102,180,1,11,0,HIVE,0.05,46.6666666666667,0,0,0,0,0,155,25,0.9921563,0,NaN,0,0,0
paper2_revision_v3_transition_audit_20260906,SMOKE,compute_hotspot,2,2026074102,180,1,11,0,BigMECGreedy,0.05,40.5555555555556,0,0,0,0,0,154,26,0.0250639,0,NaN,0,0,0
paper2_revision_v3_transition_audit_20260906,SMOKE,compute_hotspot,2,2026074102,180,1,11,0,BudgetedLNS,0.05,50,0,0,0,0,0,153,27,0.3038473,1,9,0,0,0
paper2_revision_v3_transition_audit_20260906,SMOKE,compute_hotspot,2,2026074102,180,2,11,0,FullResched,0.05,49.4444444444444,39,55.3458,0,0,39,153,27,0.0302418,0,NaN,0,0,0
paper2_revision_v3_transition_audit_20260906,SMOKE,compute_hotspot,2,2026074102,180,2,11,0,HIVE,0.05,44.4444444444444,49,96.2285999999999,0,0,49,155,25,1.2861798,0,NaN,0,0,0
paper2_revision_v3_transition_audit_20260906,SMOKE,compute_hotspot,2,2026074102,180,2,11,0,BigMECGreedy,0.05,42.2222222222222,21,57.8714,0,0,21,154,26,0.0011838,0,NaN,0,0,0
paper2_revision_v3_transition_audit_20260906,SMOKE,compute_hotspot,2,2026074102,180,2,11,0,BudgetedLNS,0.05,52.7777777777778,4,18.716,0,0,4,153,27,0.0809197,1,9,0,0,0
paper2_revision_v3_transition_audit_20260906,SMOKE,compute_hotspot,2,2026074102,180,3,11,0,FullResched,0.05,49.4444444444444,45,102.1368,1,0,46,154,26,0.0116688,0,NaN,0,0,0
paper2_revision_v3_transition_audit_20260906,SMOKE,compute_hotspot,2,2026074102,180,3,11,0,HIVE,0.05,33.8888888888889,55,131.2052,0,0,55,155,25,1.128899,0,NaN,0,0,0
paper2_revision_v3_transition_audit_20260906,SMOKE,compute_hotspot,2,2026074102,180,3,11,0,BigMECGreedy,0.05,55.5555555555556,17,25.3502,0,1,18,153,27,0.0006017,0,NaN,0,0,0
paper2_revision_v3_transition_audit_20260906,SMOKE,compute_hotspot,2,2026074102,180,3,11,0,BudgetedLNS,0.05,55.5555555555556,6,34.9766,0,0,6,153,27,0.0981774,1,9,0,0,0
paper2_revision_v3_transition_audit_20260906,SMOKE,compute_hotspot,2,2026074102,180,4,11,0,FullResched,0.05,50.5555555555556,42,57.5358,0,1,43,153,27,0.0099358,0,NaN,0,0,0
paper2_revision_v3_transition_audit_20260906,SMOKE,compute_hotspot,2,2026074102,180,4,11,0,HIVE,0.05,52.2222222222222,47,124.3698,0,3,50,152,28,1.2832352,0,NaN,0,0,0
paper2_revision_v3_transition_audit_20260906,SMOKE,compute_hotspot,2,2026074102,180,4,11,0,BigMECGreedy,0.05,45.5555555555556,26,67.4938,1,0,27,154,26,0.0004141,0,NaN,0,0,0
paper2_revision_v3_transition_audit_20260906,SMOKE,compute_hotspot,2,2026074102,180,4,11,0,BudgetedLNS,0.05,54.4444444444444,2,3.4508,0,0,2,153,27,0.0838663,1,9,0,0,0
paper2_revision_v3_transition_audit_20260906,SMOKE,compute_hotspot,2,2026074102,180,5,11,0,FullResched,0.05,46.1111111111111,47,108.5738,0,0,47,153,27,0.0106841,0,NaN,0,0,0
paper2_revision_v3_transition_audit_20260906,SMOKE,compute_hotspot,2,2026074102,180,5,11,0,HIVE,0.05,47.2222222222222,52,98.4185999999999,0,0,52,152,28,1.0222944,0,NaN,0,0,0
paper2_revision_v3_transition_audit_20260906,SMOKE,compute_hotspot,2,2026074102,180,5,11,0,BigMECGreedy,0.05,52.2222222222222,17,41.1462,0,1,18,153,27,0.0003615,0,NaN,0,0,0
paper2_revision_v3_transition_audit_20260906,SMOKE,compute_hotspot,2,2026074102,180,5,11,0,BudgetedLNS,0.05,55.5555555555556,4,31.5258,0,0,4,153,27,0.0828714,1,9,0,0,0
paper2_revision_v3_transition_audit_20260906,SMOKE,compute_hotspot,2,2026074102,180,6,11,0,FullResched,0.05,42.2222222222222,45,118.9282,0,0,45,153,27,0.0098332,0,NaN,0,0,0
paper2_revision_v3_transition_audit_20260906,SMOKE,compute_hotspot,2,2026074102,180,6,11,0,HIVE,0.05,44.4444444444444,66,119.588,1,0,67,153,27,1.1158026,0,NaN,0,0,0
paper2_revision_v3_transition_audit_20260906,SMOKE,compute_hotspot,2,2026074102,180,6,11,0,BigMECGreedy,0.05,52.2222222222222,18,41.8762,0,1,19,152,28,0.0004301,0,NaN,0,0,0
paper2_revision_v3_transition_audit_20260906,SMOKE,compute_hotspot,2,2026074102,180,6,11,0,BudgetedLNS,0.05,54.4444444444444,0,0,0,0,0,153,27,0.126362,1,9,0,0,0
paper2_revision_v3_transition_audit_20260906,SMOKE,compute_hotspot,2,2026074102,180,7,11,0,FullResched,0.05,48.3333333333333,51,126.2944,0,0,51,153,27,0.01639,0,NaN,0,0,0
paper2_revision_v3_transition_audit_20260906,SMOKE,compute_hotspot,2,2026074102,180,7,11,0,HIVE,0.05,42.7777777777778,52,101.4048,0,0,52,153,27,1.2119781,0,NaN,0,0,0
paper2_revision_v3_transition_audit_20260906,SMOKE,compute_hotspot,2,2026074102,180,7,11,0,BigMECGreedy,0.05,40.5555555555556,24,89.6625999999999,1,0,25,153,27,0.000453,0,NaN,0,0,0
paper2_revision_v3_transition_audit_20260906,SMOKE,compute_hotspot,2,2026074102,180,7,11,0,BudgetedLNS,0.05,54.4444444444444,6,23.1622,0,0,6,153,27,0.0864306,1,9,0,0,0
paper2_revision_v3_transition_audit_20260906,SMOKE,compute_hotspot,2,2026074102,180,8,11,0,FullResched,0.05,33.3333333333333,47,94.7685999999999,0,0,47,153,27,0.015175,0,NaN,0,0,0
paper2_revision_v3_transition_audit_20260906,SMOKE,compute_hotspot,2,2026074102,180,8,11,0,HIVE,0.05,55.5555555555556,66,132.3978,0,1,67,152,28,1.5284277,0,NaN,0,0,0
paper2_revision_v3_transition_audit_20260906,SMOKE,compute_hotspot,2,2026074102,180,8,11,0,BigMECGreedy,0.05,41.6666666666667,16,37.43,0,1,17,152,28,0.0004548,0,NaN,0,0,0
paper2_revision_v3_transition_audit_20260906,SMOKE,compute_hotspot,2,2026074102,180,8,11,0,BudgetedLNS,0.05,51.6666666666667,1,0.73,0,0,1,153,27,0.1258814,1,9,0,0,0
paper2_revision_v3_transition_audit_20260906,SMOKE,compute_hotspot,2,2026074102,180,9,11,0,FullResched,0.05,39.4444444444444,48,120.1228,0,0,48,153,27,0.0182487,0,NaN,0,0,0
paper2_revision_v3_transition_audit_20260906,SMOKE,compute_hotspot,2,2026074102,180,9,11,0,HIVE,0.05,55.5555555555556,57,80.4306,0,0,57,152,28,1.4479382,0,NaN,0,0,0
paper2_revision_v3_transition_audit_20260906,SMOKE,compute_hotspot,2,2026074102,180,9,11,0,BigMECGreedy,0.05,39.4444444444444,21,69.6858,1,0,22,153,27,0.000433,0,NaN,0,0,0
paper2_revision_v3_transition_audit_20260906,SMOKE,compute_hotspot,2,2026074102,180,9,11,0,BudgetedLNS,0.05,51.6666666666667,0,0,0,0,0,153,27,0.1376349,1,9,0,0,0
paper2_revision_v3_transition_audit_20260906,SMOKE,compute_hotspot,2,2026074102,180,10,11,0,FullResched,0.05,40.5555555555556,48,120.1228,0,0,48,153,27,0.0214895,0,NaN,0,0,0
paper2_revision_v3_transition_audit_20260906,SMOKE,compute_hotspot,2,2026074102,180,10,11,0,HIVE,0.05,56.1111111111111,48,70.8744,0,0,48,152,28,1.373028,0,NaN,0,0,0
paper2_revision_v3_transition_audit_20260906,SMOKE,compute_hotspot,2,2026074102,180,10,11,0,BigMECGreedy,0.05,48.8888888888889,19,91.8546,0,2,21,151,29,0.0004205,0,NaN,0,0,0
paper2_revision_v3_transition_audit_20260906,SMOKE,compute_hotspot,2,2026074102,180,10,11,0,BudgetedLNS,0.05,51.6666666666667,0,0,0,0,0,153,27,0.1765113,1,9,0,0,0
paper2_revision_v3_transition_audit_20260906,SMOKE,compute_hotspot,2,2026074102,180,11,11,1,FullResched,0.05,51.6666666666667,40,58.0666,0,14,54,139,41,0.0296474,0,NaN,0,0,0
paper2_revision_v3_transition_audit_20260906,SMOKE,compute_hotspot,2,2026074102,180,11,11,1,HIVE,0.05,42.2222222222222,59,81.8905999999999,0,12,71,140,40,1.5152827,0,NaN,0,0,0
paper2_revision_v3_transition_audit_20260906,SMOKE,compute_hotspot,2,2026074102,180,11,11,1,BigMECGreedy,0.05,45.5555555555556,25,42.1396,0,12,37,139,41,0.0005675,0,NaN,0,0,0
paper2_revision_v3_transition_audit_20260906,SMOKE,compute_hotspot,2,2026074102,180,11,11,1,BudgetedLNS,0.05,65.5555555555556,15,25.881,0,14,29,139,41,0.147777,1,9,1,6,0
paper2_revision_v3_transition_audit_20260906,SMOKE,compute_hotspot,2,2026074102,180,12,11,1,FullResched,0.05,55,45,64.7028,0,0,45,139,41,0.0226862,0,NaN,0,0,0
paper2_revision_v3_transition_audit_20260906,SMOKE,compute_hotspot,2,2026074102,180,12,11,1,HIVE,0.05,45,51,78.0414,0,1,52,139,41,1.1238262,0,NaN,0,0,0
paper2_revision_v3_transition_audit_20260906,SMOKE,compute_hotspot,2,2026074102,180,12,11,1,BigMECGreedy,0.05,45.5555555555556,15,21.8994,0,0,15,139,41,0.0007703,0,NaN,0,0,0
paper2_revision_v3_transition_audit_20260906,SMOKE,compute_hotspot,2,2026074102,180,12,11,1,BudgetedLNS,0.05,65.5555555555556,5,8.627,0,0,5,139,41,0.0769443,1,9,0,0,0
paper2_revision_v3_transition_audit_20260906,SMOKE,compute_hotspot,2,2026074102,180,13,11,1,FullResched,0.05,58.3333333333333,51,73.0644,0,0,51,139,41,0.0119833,0,NaN,0,0,0
paper2_revision_v3_transition_audit_20260906,SMOKE,compute_hotspot,2,2026074102,180,13,11,1,HIVE,0.05,48.8888888888889,62,88.0621999999999,0,0,62,139,41,1.0592225,0,NaN,0,0,0
paper2_revision_v3_transition_audit_20260906,SMOKE,compute_hotspot,2,2026074102,180,13,11,1,BigMECGreedy,0.05,51.1111111111111,16,23.6248,1,0,17,140,40,0.000488,0,NaN,0,0,0
paper2_revision_v3_transition_audit_20260906,SMOKE,compute_hotspot,2,2026074102,180,13,11,1,BudgetedLNS,0.05,69.4444444444444,0,0,0,0,0,139,41,0.087551,1,9,0,0,0
paper2_revision_v3_transition_audit_20260906,SMOKE,compute_hotspot,2,2026074102,180,14,11,1,FullResched,0.05,58.8888888888889,55,76.9798,0,0,55,139,41,0.0111824,0,NaN,0,0,0
paper2_revision_v3_transition_audit_20260906,SMOKE,compute_hotspot,2,2026074102,180,14,11,1,HIVE,0.05,59.4444444444444,61,84.3459999999999,0,1,62,138,42,1.5600187,0,NaN,0,0,0
paper2_revision_v3_transition_audit_20260906,SMOKE,compute_hotspot,2,2026074102,180,14,11,1,BigMECGreedy,0.05,47.2222222222222,19,28.801,0,0,19,140,40,0.0008743,0,NaN,0,0,0
paper2_revision_v3_transition_audit_20260906,SMOKE,compute_hotspot,2,2026074102,180,14,11,1,BudgetedLNS,0.05,71.1111111111111,1,0.73,0,0,1,139,41,0.1104658,1,9,0,0,0
paper2_revision_v3_transition_audit_20260906,SMOKE,compute_hotspot,2,2026074102,180,15,11,1,FullResched,0.05,65,51,75.0552,0,0,51,139,41,0.0114277,0,NaN,0,0,0
paper2_revision_v3_transition_audit_20260906,SMOKE,compute_hotspot,2,2026074102,180,15,11,1,HIVE,0.05,48.3333333333333,58,81.1605999999999,2,0,60,140,40,1.3208874,0,NaN,0,0,0
paper2_revision_v3_transition_audit_20260906,SMOKE,compute_hotspot,2,2026074102,180,15,11,1,BigMECGreedy,0.05,46.1111111111111,21,32.2518,0,1,22,139,41,0.0004196,0,NaN,0,0,0
paper2_revision_v3_transition_audit_20260906,SMOKE,compute_hotspot,2,2026074102,180,15,11,1,BudgetedLNS,0.05,72.2222222222222,2,3.4508,0,0,2,139,41,0.0817439,1,9,0,0,0
paper2_revision_v3_transition_audit_20260906,SMOKE,compute_hotspot,2,2026074102,180,16,11,1,FullResched,0.05,55,47,67.1582,1,0,48,140,40,0.0121352,0,NaN,0,0,0
paper2_revision_v3_transition_audit_20260906,SMOKE,compute_hotspot,2,2026074102,180,16,11,1,HIVE,0.05,47.7777777777778,59,84.8767999999999,0,0,59,140,40,1.8337605,0,NaN,0,0,0
paper2_revision_v3_transition_audit_20260906,SMOKE,compute_hotspot,2,2026074102,180,16,11,1,BigMECGreedy,0.05,54.4444444444444,18,26.0802,1,0,19,140,40,0.0005008,0,NaN,0,0,0
paper2_revision_v3_transition_audit_20260906,SMOKE,compute_hotspot,2,2026074102,180,16,11,1,BudgetedLNS,0.05,71.6666666666667,0,0,0,0,0,139,41,0.0886843,1,9,0,0,0
paper2_revision_v3_transition_audit_20260906,SMOKE,compute_hotspot,2,2026074102,180,17,11,1,FullResched,0.05,60.5555555555556,46,68.419,0,1,47,139,41,0.0152482,0,NaN,0,0,0
paper2_revision_v3_transition_audit_20260906,SMOKE,compute_hotspot,2,2026074102,180,17,11,1,HIVE,0.05,49.4444444444444,61,85.3414,0,0,61,140,40,1.070894,0,NaN,0,0,0
paper2_revision_v3_transition_audit_20260906,SMOKE,compute_hotspot,2,2026074102,180,17,11,1,BigMECGreedy,0.05,54.4444444444444,16,23.6248,0,0,16,140,40,0.000416,0,NaN,0,0,0
paper2_revision_v3_transition_audit_20260906,SMOKE,compute_hotspot,2,2026074102,180,17,11,1,BudgetedLNS,0.05,72.2222222222222,0,0,0,0,0,139,41,0.0702867,1,9,0,0,0
paper2_revision_v3_transition_audit_20260906,SMOKE,compute_hotspot,2,2026074102,180,18,11,1,FullResched,0.05,61.1111111111111,52,69.8128,0,0,52,139,41,0.0102362,0,NaN,0,0,0
paper2_revision_v3_transition_audit_20260906,SMOKE,compute_hotspot,2,2026074102,180,18,11,1,HIVE,0.05,53.8888888888889,57,80.4305999999999,1,0,58,141,39,0.9049926,0,NaN,0,0,0
paper2_revision_v3_transition_audit_20260906,SMOKE,compute_hotspot,2,2026074102,180,18,11,1,BigMECGreedy,0.05,41.6666666666667,13,19.444,1,0,14,141,39,0.0004011,0,NaN,0,0,0
paper2_revision_v3_transition_audit_20260906,SMOKE,compute_hotspot,2,2026074102,180,18,11,1,BudgetedLNS,0.05,73.3333333333333,0,0,0,0,0,139,41,0.0657948,1,9,0,0,0
paper2_revision_v3_transition_audit_20260906,SMOKE,compute_hotspot,2,2026074102,180,19,11,1,FullResched,0.05,56.1111111111111,53,77.5106,2,0,55,141,39,0.0107417,0,NaN,0,0,0
paper2_revision_v3_transition_audit_20260906,SMOKE,compute_hotspot,2,2026074102,180,19,11,1,HIVE,0.05,50.5555555555556,54,77.2452,0,1,55,140,40,0.9568485,0,NaN,0,0,0
paper2_revision_v3_transition_audit_20260906,SMOKE,compute_hotspot,2,2026074102,180,19,11,1,BigMECGreedy,0.05,36.6666666666667,19,29.7964,1,0,20,142,38,0.0004199,0,NaN,0,0,0
paper2_revision_v3_transition_audit_20260906,SMOKE,compute_hotspot,2,2026074102,180,19,11,1,BudgetedLNS,0.05,73.3333333333333,0,0,0,0,0,139,41,0.0738125,1,9,0,0,0
paper2_revision_v3_transition_audit_20260906,SMOKE,compute_hotspot,2,2026074102,180,20,11,1,FullResched,0.05,43.3333333333333,52,77.776,1,0,53,142,38,0.0102805,0,NaN,0,0,0
paper2_revision_v3_transition_audit_20260906,SMOKE,compute_hotspot,2,2026074102,180,20,11,1,HIVE,0.05,51.1111111111111,49,72.5998,0,0,49,140,40,0.9122764,0,NaN,0,0,0
paper2_revision_v3_transition_audit_20260906,SMOKE,compute_hotspot,2,2026074102,180,20,11,1,BigMECGreedy,0.05,50.5555555555556,23,32.7164,0,2,25,140,40,0.000372,0,NaN,0,0,0
paper2_revision_v3_transition_audit_20260906,SMOKE,compute_hotspot,2,2026074102,180,20,11,1,BudgetedLNS,0.05,71.1111111111111,0,0,0,0,0,139,41,0.0633339,1,9,0,0,0
paper2_revision_v3_transition_audit_20260906,SMOKE,compute_hotspot,2,2026074102,180,21,11,1,FullResched,0.05,55,43,65.2336,0,2,45,140,40,0.0096002,0,NaN,0,0,0
paper2_revision_v3_transition_audit_20260906,SMOKE,compute_hotspot,2,2026074102,180,21,11,1,HIVE,0.05,53.3333333333333,41,55.8104,1,0,42,141,39,0.8831141,0,NaN,0,0,0
paper2_revision_v3_transition_audit_20260906,SMOKE,compute_hotspot,2,2026074102,180,21,11,1,BigMECGreedy,0.05,49.4444444444444,26,37.8926,0,0,26,140,40,0.0003666,0,NaN,0,0,0
paper2_revision_v3_transition_audit_20260906,SMOKE,compute_hotspot,2,2026074102,180,21,11,1,BudgetedLNS,0.05,72.2222222222222,0,0,0,0,0,139,41,0.062953,1,9,0,0,0
paper2_revision_v3_transition_audit_20260906,SMOKE,compute_hotspot,2,2026074102,180,22,11,1,FullResched,0.05,63.3333333333333,42,63.5082,0,1,43,139,41,0.010092,0,NaN,0,0,0
paper2_revision_v3_transition_audit_20260906,SMOKE,compute_hotspot,2,2026074102,180,22,11,1,HIVE,0.05,50.5555555555556,52,72.799,0,1,53,140,40,0.8094163,0,NaN,0,0,0
paper2_revision_v3_transition_audit_20260906,SMOKE,compute_hotspot,2,2026074102,180,22,11,1,BigMECGreedy,0.05,43.3333333333333,23,36.698,1,0,24,141,39,0.0003949,0,NaN,0,0,0
paper2_revision_v3_transition_audit_20260906,SMOKE,compute_hotspot,2,2026074102,180,22,11,1,BudgetedLNS,0.05,72.2222222222222,2,3.4508,0,0,2,139,41,0.0630166,1,9,0,0,0
paper2_revision_v3_transition_audit_20260906,SMOKE,compute_hotspot,2,2026074102,180,23,11,1,FullResched,0.05,61.6666666666667,42,62.5128,0,0,42,139,41,0.0089775,0,NaN,0,0,0
paper2_revision_v3_transition_audit_20260906,SMOKE,compute_hotspot,2,2026074102,180,23,11,1,HIVE,0.05,47.7777777777778,52,70.8082,1,0,53,141,39,0.8136805,0,NaN,0,0,0
paper2_revision_v3_transition_audit_20260906,SMOKE,compute_hotspot,2,2026074102,180,23,11,1,BigMECGreedy,0.05,55,19,28.801,0,1,20,140,40,0.000494,0,NaN,0,0,0
paper2_revision_v3_transition_audit_20260906,SMOKE,compute_hotspot,2,2026074102,180,23,11,1,BudgetedLNS,0.05,69.4444444444444,0,0,0,0,0,139,41,0.0622017,1,9,0,0,0
paper2_revision_v3_transition_audit_20260906,SMOKE,compute_hotspot,2,2026074102,180,24,11,1,FullResched,0.05,63.3333333333333,49,72.5998,0,0,49,139,41,0.0094287,0,NaN,0,0,0
paper2_revision_v3_transition_audit_20260906,SMOKE,compute_hotspot,2,2026074102,180,24,11,1,HIVE,0.05,53.3333333333333,52,76.7806,0,2,54,139,41,0.8048365,0,NaN,0,0,0
paper2_revision_v3_transition_audit_20260906,SMOKE,compute_hotspot,2,2026074102,180,24,11,1,BigMECGreedy,0.05,41.1111111111111,15,22.8948,0,0,15,140,40,0.0003398,0,NaN,0,0,0
paper2_revision_v3_transition_audit_20260906,SMOKE,compute_hotspot,2,2026074102,180,24,11,1,BudgetedLNS,0.05,67.7777777777778,0,0,0,0,0,139,41,0.0606184,1,9,0,0,0
paper2_revision_v3_transition_audit_20260906,SMOKE,compute_hotspot,2,2026074102,180,25,11,1,FullResched,0.05,63.3333333333333,48,71.8698,0,0,48,139,41,0.0116264,0,NaN,0,0,0
paper2_revision_v3_transition_audit_20260906,SMOKE,compute_hotspot,2,2026074102,180,25,11,1,HIVE,0.05,52.7777777777778,62,87.0668,0,0,62,139,41,0.8109877,0,NaN,0,0,0
paper2_revision_v3_transition_audit_20260906,SMOKE,compute_hotspot,2,2026074102,180,25,11,1,BigMECGreedy,0.05,53.3333333333333,20,31.5218,0,0,20,140,40,0.0009912,0,NaN,0,0,0
paper2_revision_v3_transition_audit_20260906,SMOKE,compute_hotspot,2,2026074102,180,25,11,1,BudgetedLNS,0.05,66.1111111111111,0,0,0,0,0,139,41,0.0634662,1,9,0,0,0
paper2_revision_v3_transition_audit_20260906,SMOKE,compute_hotspot,2,2026074102,180,26,11,1,FullResched,0.05,60,53,79.5014,0,0,53,139,41,0.0088515,0,NaN,0,0,0
paper2_revision_v3_transition_audit_20260906,SMOKE,compute_hotspot,2,2026074102,180,26,11,1,HIVE,0.05,43.8888888888889,58,84.1468,1,0,59,140,40,0.7958003,0,NaN,0,0,0
paper2_revision_v3_transition_audit_20260906,SMOKE,compute_hotspot,2,2026074102,180,26,11,1,BigMECGreedy,0.05,50,12,19.7094,0,0,12,140,40,0.0003829,0,NaN,0,0,0
paper2_revision_v3_transition_audit_20260906,SMOKE,compute_hotspot,2,2026074102,180,26,11,1,BudgetedLNS,0.05,65,0,0,0,0,0,139,41,0.0648452,1,9,0,0,0
paper2_revision_v3_transition_audit_20260906,SMOKE,compute_hotspot,2,2026074102,180,27,11,1,FullResched,0.05,47.7777777777778,50,71.339,0,0,50,139,41,0.0100041,0,NaN,0,0,0
paper2_revision_v3_transition_audit_20260906,SMOKE,compute_hotspot,2,2026074102,180,27,11,1,HIVE,0.05,47.7777777777778,67,84.7444,0,1,68,139,41,0.7899747,0,NaN,0,0,0
paper2_revision_v3_transition_audit_20260906,SMOKE,compute_hotspot,2,2026074102,180,27,11,1,BigMECGreedy,0.05,45.5555555555556,22,31.9864,0,1,23,139,41,0.0003559,0,NaN,0,0,0
paper2_revision_v3_transition_audit_20260906,SMOKE,compute_hotspot,2,2026074102,180,27,11,1,BudgetedLNS,0.05,62.7777777777778,0,0,0,0,0,139,41,0.0634378,1,9,0,0,0
paper2_revision_v3_transition_audit_20260906,SMOKE,compute_hotspot,2,2026074102,180,28,11,1,FullResched,0.05,46.6666666666667,49,71.6044,0,0,49,139,41,0.0099956,0,NaN,0,0,0
paper2_revision_v3_transition_audit_20260906,SMOKE,compute_hotspot,2,2026074102,180,28,11,1,HIVE,0.05,43.8888888888889,67,89.7214,0,0,67,139,41,0.797964,0,NaN,0,0,0
paper2_revision_v3_transition_audit_20260906,SMOKE,compute_hotspot,2,2026074102,180,28,11,1,BigMECGreedy,0.05,53.3333333333333,21,33.2472,0,1,22,138,42,0.0003948,0,NaN,0,0,0
paper2_revision_v3_transition_audit_20260906,SMOKE,compute_hotspot,2,2026074102,180,28,11,1,BudgetedLNS,0.05,63.3333333333333,1,0.73,0,0,1,139,41,0.0847602,1,9,0,0,0
paper2_revision_v3_transition_audit_20260906,SMOKE,compute_hotspot,2,2026074102,180,29,11,1,FullResched,0.05,51.6666666666667,49,67.6228,0,0,49,139,41,0.0101968,0,NaN,0,0,0
paper2_revision_v3_transition_audit_20260906,SMOKE,compute_hotspot,2,2026074102,180,29,11,1,HIVE,0.05,50,52,71.8036,0,1,53,138,42,0.8457587,0,NaN,0,0,0
paper2_revision_v3_transition_audit_20260906,SMOKE,compute_hotspot,2,2026074102,180,29,11,1,BigMECGreedy,0.05,59.4444444444444,17,25.3502,1,0,18,139,41,0.0003886,0,NaN,0,0,0
paper2_revision_v3_transition_audit_20260906,SMOKE,compute_hotspot,2,2026074102,180,29,11,1,BudgetedLNS,0.05,62.2222222222222,1,0.73,0,0,1,139,41,0.0650824,1,9,0,0,0
paper2_revision_v3_transition_audit_20260906,SMOKE,compute_hotspot,2,2026074102,180,30,11,1,FullResched,0.05,60,50,71.339,0,1,51,138,42,0.0101528,0,NaN,0,0,0
paper2_revision_v3_transition_audit_20260906,SMOKE,compute_hotspot,2,2026074102,180,30,11,1,HIVE,0.05,46.6666666666667,51,71.0736,1,0,52,139,41,0.7892468,0,NaN,0,0,0
paper2_revision_v3_transition_audit_20260906,SMOKE,compute_hotspot,2,2026074102,180,30,11,1,BigMECGreedy,0.05,45.5555555555556,17,25.3502,1,0,18,140,40,0.0003568,0,NaN,0,0,0
paper2_revision_v3_transition_audit_20260906,SMOKE,compute_hotspot,2,2026074102,180,30,11,1,BudgetedLNS,0.05,63.3333333333333,2,3.4508,0,0,2,139,41,0.063311,1,9,0,0,0
paper2_revision_v3_transition_audit_20260906,SMOKE,link_hotspot,1,2026075101,180,1,11,0,FullResched,0.05,51.1111111111111,0,0,0,0,0,154,26,0.008921,0,NaN,0,0,0
paper2_revision_v3_transition_audit_20260906,SMOKE,link_hotspot,1,2026075101,180,1,11,0,HIVE,0.05,40,0,0,0,0,0,154,26,0.7977019,0,NaN,0,0,0
paper2_revision_v3_transition_audit_20260906,SMOKE,link_hotspot,1,2026075101,180,1,11,0,BigMECGreedy,0.05,36.1111111111111,0,0,0,0,0,154,26,0.0120921,0,NaN,0,0,0
paper2_revision_v3_transition_audit_20260906,SMOKE,link_hotspot,1,2026075101,180,1,11,0,BudgetedLNS,0.05,53.3333333333333,0,0,0,0,0,154,26,0.0907703,1,9,0,0,0
paper2_revision_v3_transition_audit_20260906,SMOKE,link_hotspot,1,2026075101,180,2,11,0,FullResched,0.05,50,36,105.3904,0,1,37,153,27,0.0105543,0,NaN,0,0,0
paper2_revision_v3_transition_audit_20260906,SMOKE,link_hotspot,1,2026075101,180,2,11,0,HIVE,0.05,33.8888888888889,62,154.102,1,0,63,155,25,0.7987133,0,NaN,0,0,0
paper2_revision_v3_transition_audit_20260906,SMOKE,link_hotspot,1,2026075101,180,2,11,0,BigMECGreedy,0.05,46.1111111111111,26,51.6978,0,1,27,153,27,0.0003702,0,NaN,0,0,0
paper2_revision_v3_transition_audit_20260906,SMOKE,link_hotspot,1,2026075101,180,2,11,0,BudgetedLNS,0.05,51.6666666666667,4,32.5212,0,1,5,153,27,0.0712559,1,9,0,0,0
paper2_revision_v3_transition_audit_20260906,SMOKE,link_hotspot,1,2026075101,180,3,11,0,FullResched,0.05,46.1111111111111,38,94.0405999999999,0,0,38,153,27,0.0090821,0,NaN,0,0,0
paper2_revision_v3_transition_audit_20260906,SMOKE,link_hotspot,1,2026075101,180,3,11,0,HIVE,0.05,35.5555555555556,49,121.8482,0,1,50,154,26,0.7950892,0,NaN,0,0,0
paper2_revision_v3_transition_audit_20260906,SMOKE,link_hotspot,1,2026075101,180,3,11,0,BigMECGreedy,0.05,41.1111111111111,28,94.5733999999999,1,0,29,154,26,0.000346,0,NaN,0,0,0
paper2_revision_v3_transition_audit_20260906,SMOKE,link_hotspot,1,2026075101,180,3,11,0,BudgetedLNS,0.05,50,5,21.4368,0,0,5,153,27,0.0705614,1,9,0,0,0
paper2_revision_v3_transition_audit_20260906,SMOKE,link_hotspot,1,2026075101,180,4,11,0,FullResched,0.05,32.7777777777778,45,115.942,0,0,45,153,27,0.0091741,0,NaN,0,0,0
paper2_revision_v3_transition_audit_20260906,SMOKE,link_hotspot,1,2026075101,180,4,11,0,HIVE,0.05,29.4444444444444,60,138.8368,0,0,60,154,26,0.7802728,0,NaN,0,0,0
paper2_revision_v3_transition_audit_20260906,SMOKE,link_hotspot,1,2026075101,180,4,11,0,BigMECGreedy,0.05,40.5555555555556,26,76.3219999999999,0,2,28,152,28,0.0006806,0,NaN,0,0,0
paper2_revision_v3_transition_audit_20260906,SMOKE,link_hotspot,1,2026075101,180,4,11,0,BudgetedLNS,0.05,47.2222222222222,3,30.7958,0,0,3,153,27,0.069858,1,9,0,0,0
paper2_revision_v3_transition_audit_20260906,SMOKE,link_hotspot,1,2026075101,180,5,11,0,FullResched,0.05,43.8888888888889,50,107.7776,0,1,51,152,28,0.0106393,0,NaN,0,0,0
paper2_revision_v3_transition_audit_20260906,SMOKE,link_hotspot,1,2026075101,180,5,11,0,HIVE,0.05,37.2222222222222,58,149.1912,0,3,61,151,29,0.7894544,0,NaN,0,0,0
paper2_revision_v3_transition_audit_20260906,SMOKE,link_hotspot,1,2026075101,180,5,11,0,BigMECGreedy,0.05,44.4444444444444,23,44.5308,0,0,23,152,28,0.0008278,0,NaN,0,0,0
paper2_revision_v3_transition_audit_20260906,SMOKE,link_hotspot,1,2026075101,180,5,11,0,BudgetedLNS,0.05,43.8888888888889,5,34.2466,0,0,5,153,27,0.0702901,1,9,0,0,0
paper2_revision_v3_transition_audit_20260906,SMOKE,link_hotspot,1,2026075101,180,6,11,0,FullResched,0.05,52.7777777777778,44,86.6062,0,1,45,151,29,0.0098476,0,NaN,0,0,0
paper2_revision_v3_transition_audit_20260906,SMOKE,link_hotspot,1,2026075101,180,6,11,0,HIVE,0.05,31.1111111111111,57,134.656,1,0,58,152,28,0.7932843,0,NaN,0,0,0
paper2_revision_v3_transition_audit_20260906,SMOKE,link_hotspot,1,2026075101,180,6,11,0,BigMECGreedy,0.05,39.4444444444444,19,40.6154,0,0,19,152,28,0.0004369,0,NaN,0,0,0
paper2_revision_v3_transition_audit_20260906,SMOKE,link_hotspot,1,2026075101,180,6,11,0,BudgetedLNS,0.05,53.3333333333333,5,34.2466,0,2,7,151,29,0.0687215,1,9,0,0,0
paper2_revision_v3_transition_audit_20260906,SMOKE,link_hotspot,1,2026075101,180,7,11,0,FullResched,0.05,51.6666666666667,42,59.5266,0,0,42,151,29,0.0090747,0,NaN,0,0,0
paper2_revision_v3_transition_audit_20260906,SMOKE,link_hotspot,1,2026075101,180,7,11,0,HIVE,0.05,39.4444444444444,58,95.9611999999999,0,1,59,151,29,0.7955928,0,NaN,0,0,0
paper2_revision_v3_transition_audit_20260906,SMOKE,link_hotspot,1,2026075101,180,7,11,0,BigMECGreedy,0.05,38.8888888888889,23,58.336,0,0,23,152,28,0.0003726,0,NaN,0,0,0
paper2_revision_v3_transition_audit_20260906,SMOKE,link_hotspot,1,2026075101,180,7,11,0,BudgetedLNS,0.05,53.8888888888889,2,16.2606,0,0,2,151,29,0.0700353,1,9,0,0,0
paper2_revision_v3_transition_audit_20260906,SMOKE,link_hotspot,1,2026075101,180,8,11,0,FullResched,0.05,45,48,92.5124,1,0,49,152,28,0.0089892,0,NaN,0,0,0
paper2_revision_v3_transition_audit_20260906,SMOKE,link_hotspot,1,2026075101,180,8,11,0,HIVE,0.05,39.4444444444444,59,138.1068,1,0,60,152,28,0.7886272,0,NaN,0,0,0
paper2_revision_v3_transition_audit_20260906,SMOKE,link_hotspot,1,2026075101,180,8,11,0,BigMECGreedy,0.05,37.7777777777778,31,70.1484,0,0,31,152,28,0.000398,0,NaN,0,0,0
paper2_revision_v3_transition_audit_20260906,SMOKE,link_hotspot,1,2026075101,180,8,11,0,BudgetedLNS,0.05,53.8888888888889,0,0,0,0,0,151,29,0.0674196,1,9,0,0,0
paper2_revision_v3_transition_audit_20260906,SMOKE,link_hotspot,1,2026075101,180,9,11,0,FullResched,0.05,51.1111111111111,44,87.6015999999999,0,1,45,151,29,0.0098421,0,NaN,0,0,0
paper2_revision_v3_transition_audit_20260906,SMOKE,link_hotspot,1,2026075101,180,9,11,0,HIVE,0.05,46.6666666666667,60,97.4211999999999,0,1,61,151,29,0.772808,0,NaN,0,0,0
paper2_revision_v3_transition_audit_20260906,SMOKE,link_hotspot,1,2026075101,180,9,11,0,BigMECGreedy,0.05,40,23,49.5078,0,0,23,152,28,0.0003853,0,NaN,0,0,0
paper2_revision_v3_transition_audit_20260906,SMOKE,link_hotspot,1,2026075101,180,9,11,0,BudgetedLNS,0.05,54.4444444444444,1,0.73,0,0,1,151,29,0.0705804,1,9,0,0,0
paper2_revision_v3_transition_audit_20260906,SMOKE,link_hotspot,1,2026075101,180,10,11,0,FullResched,0.05,49.4444444444444,54,113.6838,0,0,54,151,29,0.008849,0,NaN,0,0,0
paper2_revision_v3_transition_audit_20260906,SMOKE,link_hotspot,1,2026075101,180,10,11,0,HIVE,0.05,37.7777777777778,63,100.6066,1,0,64,152,28,0.7876295,0,NaN,0,0,0
paper2_revision_v3_transition_audit_20260906,SMOKE,link_hotspot,1,2026075101,180,10,11,0,BigMECGreedy,0.05,39.4444444444444,33,60.7894,0,0,33,152,28,0.0003578,0,NaN,0,0,0
paper2_revision_v3_transition_audit_20260906,SMOKE,link_hotspot,1,2026075101,180,10,11,0,BudgetedLNS,0.05,50,6,23.1622,1,0,7,152,28,0.0715659,1,9,0,0,0
paper2_revision_v3_transition_audit_20260906,SMOKE,link_hotspot,1,2026075101,180,11,11,1,FullResched,0.05,51.6666666666667,65,142.4868,1,0,66,152,28,0.0097469,0,NaN,0,0,0
paper2_revision_v3_transition_audit_20260906,SMOKE,link_hotspot,1,2026075101,180,11,11,1,HIVE,0.05,37.7777777777778,55,98.6177999999999,1,0,56,153,27,0.7856376,0,NaN,0,0,0
paper2_revision_v3_transition_audit_20260906,SMOKE,link_hotspot,1,2026075101,180,11,11,1,BigMECGreedy,0.05,35,40,87.6677999999999,1,0,41,153,27,0.0004447,0,NaN,0,0,0
paper2_revision_v3_transition_audit_20260906,SMOKE,link_hotspot,1,2026075101,180,11,11,1,BudgetedLNS,0.05,51.6666666666667,3,2.19,0,0,3,152,28,0.0710794,1,9,0,0,0
paper2_revision_v3_transition_audit_20260906,SMOKE,link_hotspot,1,2026075101,180,12,11,1,FullResched,0.05,52.7777777777778,49,112.0246,0,0,49,152,28,0.0098387,0,NaN,0,0,0
paper2_revision_v3_transition_audit_20260906,SMOKE,link_hotspot,1,2026075101,180,12,11,1,HIVE,0.05,42.2222222222222,49,88.3957999999999,0,0,49,153,27,0.797628,0,NaN,0,0,0
paper2_revision_v3_transition_audit_20260906,SMOKE,link_hotspot,1,2026075101,180,12,11,1,BigMECGreedy,0.05,32.2222222222222,26,66.4984,0,0,26,153,27,0.0003813,0,NaN,0,0,0
paper2_revision_v3_transition_audit_20260906,SMOKE,link_hotspot,1,2026075101,180,12,11,1,BudgetedLNS,0.05,54.4444444444444,5,21.4368,0,0,5,152,28,0.0721599,1,9,0,0,0
paper2_revision_v3_transition_audit_20260906,SMOKE,link_hotspot,1,2026075101,180,13,11,1,FullResched,0.05,53.3333333333333,41,90.3885999999999,0,0,41,152,28,0.0090285,0,NaN,0,0,0
paper2_revision_v3_transition_audit_20260906,SMOKE,link_hotspot,1,2026075101,180,13,11,1,HIVE,0.05,38.8888888888889,53,112.9538,0,0,53,153,27,0.7910453,0,NaN,0,0,0
paper2_revision_v3_transition_audit_20260906,SMOKE,link_hotspot,1,2026075101,180,13,11,1,BigMECGreedy,0.05,31.6666666666667,24,74.862,1,0,25,154,26,0.0004106,0,NaN,0,0,0
paper2_revision_v3_transition_audit_20260906,SMOKE,link_hotspot,1,2026075101,180,13,11,1,BudgetedLNS,0.05,46.6666666666667,5,21.4368,1,0,6,153,27,0.071079,1,9,0,0,0
paper2_revision_v3_transition_audit_20260906,SMOKE,link_hotspot,1,2026075101,180,14,11,1,FullResched,0.05,54.4444444444444,35,101.6742,0,0,35,152,28,0.0096755,0,NaN,0,0,0
paper2_revision_v3_transition_audit_20260906,SMOKE,link_hotspot,1,2026075101,180,14,11,1,HIVE,0.05,28.8888888888889,52,101.4048,2,0,54,155,25,0.7760953,0,NaN,0,0,0
paper2_revision_v3_transition_audit_20260906,SMOKE,link_hotspot,1,2026075101,180,14,11,1,BigMECGreedy,0.05,33.8888888888889,23,60.3268,0,0,23,154,26,0.0004285,0,NaN,0,0,0
paper2_revision_v3_transition_audit_20260906,SMOKE,link_hotspot,1,2026075101,180,14,11,1,BudgetedLNS,0.05,53.8888888888889,3,16.9906,0,0,3,153,27,0.072795,1,9,0,0,0
paper2_revision_v3_transition_audit_20260906,SMOKE,link_hotspot,1,2026075101,180,15,11,1,FullResched,0.05,45,37,131.74,1,0,38,153,27,0.0098104,0,NaN,0,0,0
paper2_revision_v3_transition_audit_20260906,SMOKE,link_hotspot,1,2026075101,180,15,11,1,HIVE,0.05,47.7777777777778,55,130.2098,0,1,56,154,26,0.7804409,0,NaN,0,0,0
paper2_revision_v3_transition_audit_20260906,SMOKE,link_hotspot,1,2026075101,180,15,11,1,BigMECGreedy,0.05,41.1111111111111,29,70.6792,0,0,29,154,26,0.0004275,0,NaN,0,0,0
paper2_revision_v3_transition_audit_20260906,SMOKE,link_hotspot,1,2026075101,180,15,11,1,BudgetedLNS,0.05,55,2,16.2606,0,0,2,153,27,0.0657985,1,9,0,0,0
paper2_revision_v3_transition_audit_20260906,SMOKE,link_hotspot,1,2026075101,180,16,11,1,FullResched,0.05,46.1111111111111,41,113.022,0,0,41,153,27,0.0100913,0,NaN,0,0,0
paper2_revision_v3_transition_audit_20260906,SMOKE,link_hotspot,1,2026075101,180,16,11,1,HIVE,0.05,39.4444444444444,46,107.8438,1,0,47,155,25,0.7840731,0,NaN,0,0,0
paper2_revision_v3_transition_audit_20260906,SMOKE,link_hotspot,1,2026075101,180,16,11,1,BigMECGreedy,0.05,42.7777777777778,31,72.1392,0,0,31,154,26,0.0003965,0,NaN,0,0,0
paper2_revision_v3_transition_audit_20260906,SMOKE,link_hotspot,1,2026075101,180,16,11,1,BudgetedLNS,0.05,57.2222222222222,0,0,0,0,0,153,27,0.0641086,1,9,0,0,0
paper2_revision_v3_transition_audit_20260906,SMOKE,link_hotspot,1,2026075101,180,17,11,1,FullResched,0.05,53.3333333333333,44,120.189,1,0,45,154,26,0.0093383,0,NaN,0,0,0
paper2_revision_v3_transition_audit_20260906,SMOKE,link_hotspot,1,2026075101,180,17,11,1,HIVE,0.05,41.6666666666667,47,95.7639999999999,0,0,47,155,25,0.7674637,0,NaN,0,0,0
paper2_revision_v3_transition_audit_20260906,SMOKE,link_hotspot,1,2026075101,180,17,11,1,BigMECGreedy,0.05,38.3333333333333,31,98.7541999999999,0,0,31,154,26,0.0003458,0,NaN,0,0,0
paper2_revision_v3_transition_audit_20260906,SMOKE,link_hotspot,1,2026075101,180,17,11,1,BudgetedLNS,0.05,57.7777777777778,0,0,0,0,0,153,27,0.0657053,1,9,0,0,0
paper2_revision_v3_transition_audit_20260906,SMOKE,link_hotspot,1,2026075101,180,18,11,1,FullResched,0.05,46.6666666666667,49,149.4586,1,0,50,155,25,0.0092465,0,NaN,0,0,0
paper2_revision_v3_transition_audit_20260906,SMOKE,link_hotspot,1,2026075101,180,18,11,1,HIVE,0.05,40.5555555555556,47,135.1888,0,0,47,155,25,0.7826864,0,NaN,0,0,0
paper2_revision_v3_transition_audit_20260906,SMOKE,link_hotspot,1,2026075101,180,18,11,1,BigMECGreedy,0.05,26.6666666666667,34,98.9533999999999,1,0,35,155,25,0.0003691,0,NaN,0,0,0
paper2_revision_v3_transition_audit_20260906,SMOKE,link_hotspot,1,2026075101,180,18,11,1,BudgetedLNS,0.05,57.7777777777778,2,16.2606,0,0,2,153,27,0.0681517,1,9,0,0,0
paper2_revision_v3_transition_audit_20260906,SMOKE,link_hotspot,1,2026075101,180,19,11,1,FullResched,0.05,51.6666666666667,50,148.1978,0,0,50,155,25,0.0091521,0,NaN,0,0,0
paper2_revision_v3_transition_audit_20260906,SMOKE,link_hotspot,1,2026075101,180,19,11,1,HIVE,0.05,45.5555555555556,49,121.8482,0,0,49,155,25,0.7958115,0,NaN,0,0,0
paper2_revision_v3_transition_audit_20260906,SMOKE,link_hotspot,1,2026075101,180,19,11,1,BigMECGreedy,0.05,43.8888888888889,27,77.052,0,1,28,154,26,0.0003842,0,NaN,0,0,0
paper2_revision_v3_transition_audit_20260906,SMOKE,link_hotspot,1,2026075101,180,19,11,1,BudgetedLNS,0.05,58.8888888888889,2,16.2606,0,0,2,153,27,0.0657046,1,9,0,0,0
paper2_revision_v3_transition_audit_20260906,SMOKE,link_hotspot,1,2026075101,180,20,11,1,FullResched,0.05,53.8888888888889,42,75.3226,0,1,43,154,26,0.0087128,0,NaN,0,0,0
paper2_revision_v3_transition_audit_20260906,SMOKE,link_hotspot,1,2026075101,180,20,11,1,HIVE,0.05,44.4444444444444,49,98.2193999999999,0,1,50,154,26,0.7977243,0,NaN,0,0,0
paper2_revision_v3_transition_audit_20260906,SMOKE,link_hotspot,1,2026075101,180,20,11,1,BigMECGreedy,0.05,43.3333333333333,21,70.6812,0,0,21,154,26,0.0003757,0,NaN,0,0,0
paper2_revision_v3_transition_audit_20260906,SMOKE,link_hotspot,1,2026075101,180,20,11,1,BudgetedLNS,0.05,57.2222222222222,0,0,0,0,0,153,27,0.0643158,1,9,0,0,0
paper2_revision_v3_transition_audit_20260906,SMOKE,link_hotspot,1,2026075101,180,21,11,1,FullResched,0.05,53.8888888888889,40,101.473,0,1,41,153,27,0.0106131,0,NaN,0,0,0
paper2_revision_v3_transition_audit_20260906,SMOKE,link_hotspot,1,2026075101,180,21,11,1,HIVE,0.05,45.5555555555556,60,120.0546,1,0,61,155,25,0.7765828,0,NaN,0,0,0
paper2_revision_v3_transition_audit_20260906,SMOKE,link_hotspot,1,2026075101,180,21,11,1,BigMECGreedy,0.05,35,22,69.4204,0,0,22,154,26,0.0003868,0,NaN,0,0,0
paper2_revision_v3_transition_audit_20260906,SMOKE,link_hotspot,1,2026075101,180,21,11,1,BudgetedLNS,0.05,57.7777777777778,0,0,0,0,0,153,27,0.0636175,1,9,0,0,0
paper2_revision_v3_transition_audit_20260906,SMOKE,link_hotspot,1,2026075101,180,22,11,1,FullResched,0.05,46.6666666666667,31,54.3524,0,0,31,153,27,0.008776,0,NaN,0,0,0
paper2_revision_v3_transition_audit_20260906,SMOKE,link_hotspot,1,2026075101,180,22,11,1,HIVE,0.05,46.1111111111111,57,108.041,0,0,57,155,25,0.7719755,0,NaN,0,0,0
paper2_revision_v3_transition_audit_20260906,SMOKE,link_hotspot,1,2026075101,180,22,11,1,BigMECGreedy,0.05,35,27,78.0474,0,0,27,154,26,0.0003515,0,NaN,0,0,0
paper2_revision_v3_transition_audit_20260906,SMOKE,link_hotspot,1,2026075101,180,22,11,1,BudgetedLNS,0.05,56.6666666666667,2,3.4508,0,0,2,153,27,0.0659454,1,9,0,0,0
paper2_revision_v3_transition_audit_20260906,SMOKE,link_hotspot,1,2026075101,180,23,11,1,FullResched,0.05,47.7777777777778,35,59.2632,0,0,35,153,27,0.0093222,0,NaN,0,0,0
paper2_revision_v3_transition_audit_20260906,SMOKE,link_hotspot,1,2026075101,180,23,11,1,HIVE,0.05,38.8888888888889,46,101.8714,0,1,47,154,26,0.8398703,0,NaN,0,0,0
paper2_revision_v3_transition_audit_20260906,SMOKE,link_hotspot,1,2026075101,180,23,11,1,BigMECGreedy,0.05,40.5555555555556,29,52.8924,0,1,30,153,27,0.0003632,0,NaN,0,0,0
paper2_revision_v3_transition_audit_20260906,SMOKE,link_hotspot,1,2026075101,180,23,11,1,BudgetedLNS,0.05,56.1111111111111,0,0,0,0,0,153,27,0.0700518,1,9,0,0,0
paper2_revision_v3_transition_audit_20260906,SMOKE,link_hotspot,1,2026075101,180,24,11,1,FullResched,0.05,46.1111111111111,43,59.2612,0,0,43,153,27,0.0105314,0,NaN,0,0,0
paper2_revision_v3_transition_audit_20260906,SMOKE,link_hotspot,1,2026075101,180,24,11,1,HIVE,0.05,38.8888888888889,50,107.7776,0,0,50,154,26,0.7932575,0,NaN,0,0,0
paper2_revision_v3_transition_audit_20260906,SMOKE,link_hotspot,1,2026075101,180,24,11,1,BigMECGreedy,0.05,36.1111111111111,23,61.3222,0,0,23,153,27,0.0004096,0,NaN,0,0,0
paper2_revision_v3_transition_audit_20260906,SMOKE,link_hotspot,1,2026075101,180,24,11,1,BudgetedLNS,0.05,51.1111111111111,2,16.2606,0,0,2,153,27,0.0686554,1,9,0,0,0
paper2_revision_v3_transition_audit_20260906,SMOKE,link_hotspot,1,2026075101,180,25,11,1,FullResched,0.05,52.2222222222222,45,77.5126,0,1,46,152,28,0.0108531,0,NaN,0,0,0
paper2_revision_v3_transition_audit_20260906,SMOKE,link_hotspot,1,2026075101,180,25,11,1,HIVE,0.05,40,46,107.8438,0,1,47,153,27,0.7940686,0,NaN,0,0,0
paper2_revision_v3_transition_audit_20260906,SMOKE,link_hotspot,1,2026075101,180,25,11,1,BigMECGreedy,0.05,29.4444444444444,26,92.1179999999999,0,0,26,153,27,0.0004045,0,NaN,0,0,0
paper2_revision_v3_transition_audit_20260906,SMOKE,link_hotspot,1,2026075101,180,25,11,1,BudgetedLNS,0.05,50,0,0,0,0,0,153,27,0.0789871,1,9,0,0,0
paper2_revision_v3_transition_audit_20260906,SMOKE,link_hotspot,1,2026075101,180,26,11,1,FullResched,0.05,53.8888888888889,43,89.8578,0,0,43,152,28,0.0094252,0,NaN,0,0,0
paper2_revision_v3_transition_audit_20260906,SMOKE,link_hotspot,1,2026075101,180,26,11,1,HIVE,0.05,38.8888888888889,44,91.5832,0,1,45,152,28,0.8083068,0,NaN,0,0,0
paper2_revision_v3_transition_audit_20260906,SMOKE,link_hotspot,1,2026075101,180,26,11,1,BigMECGreedy,0.05,32.7777777777778,27,80.0382,0,1,28,152,28,0.0003631,0,NaN,0,0,0
paper2_revision_v3_transition_audit_20260906,SMOKE,link_hotspot,1,2026075101,180,26,11,1,BudgetedLNS,0.05,55,1,14.5352,0,1,2,152,28,0.0694243,1,9,0,0,0
paper2_revision_v3_transition_audit_20260906,SMOKE,link_hotspot,1,2026075101,180,27,11,1,FullResched,0.05,55,33,55.8124,0,0,33,152,28,0.0100476,0,NaN,0,0,0
paper2_revision_v3_transition_audit_20260906,SMOKE,link_hotspot,1,2026075101,180,27,11,1,HIVE,0.05,39.4444444444444,48,96.4939999999999,1,0,49,153,27,0.812748,0,NaN,0,0,0
paper2_revision_v3_transition_audit_20260906,SMOKE,link_hotspot,1,2026075101,180,27,11,1,BigMECGreedy,0.05,35.5555555555556,29,42.0734,1,0,30,153,27,0.0004132,0,NaN,0,0,0
paper2_revision_v3_transition_audit_20260906,SMOKE,link_hotspot,1,2026075101,180,27,11,1,BudgetedLNS,0.05,54.4444444444444,0,0,0,0,0,152,28,0.068709,1,9,0,0,0
paper2_revision_v3_transition_audit_20260906,SMOKE,link_hotspot,1,2026075101,180,28,11,1,FullResched,0.05,53.8888888888889,41,85.4116,0,0,41,152,28,0.0110798,0,NaN,0,0,0
paper2_revision_v3_transition_audit_20260906,SMOKE,link_hotspot,1,2026075101,180,28,11,1,HIVE,0.05,38.8888888888889,61,117.9288,0,0,61,153,27,0.7916117,0,NaN,0,0,0
paper2_revision_v3_transition_audit_20260906,SMOKE,link_hotspot,1,2026075101,180,28,11,1,BigMECGreedy,0.05,32.2222222222222,23,60.3268,0,1,24,152,28,0.0006781,0,NaN,0,0,0
paper2_revision_v3_transition_audit_20260906,SMOKE,link_hotspot,1,2026075101,180,28,11,1,BudgetedLNS,0.05,52.7777777777778,2,3.4508,0,0,2,152,28,0.0709359,1,9,0,0,0
paper2_revision_v3_transition_audit_20260906,SMOKE,link_hotspot,1,2026075101,180,29,11,1,FullResched,0.05,53.3333333333333,47,78.9726,0,0,47,152,28,0.0099148,0,NaN,0,0,0
paper2_revision_v3_transition_audit_20260906,SMOKE,link_hotspot,1,2026075101,180,29,11,1,HIVE,0.05,40.5555555555556,58,95.9611999999999,0,1,59,152,28,0.774728,0,NaN,0,0,0
paper2_revision_v3_transition_audit_20260906,SMOKE,link_hotspot,1,2026075101,180,29,11,1,BigMECGreedy,0.05,26.6666666666667,25,77.5828,1,0,26,153,27,0.0003595,0,NaN,0,0,0
paper2_revision_v3_transition_audit_20260906,SMOKE,link_hotspot,1,2026075101,180,29,11,1,BudgetedLNS,0.05,53.8888888888889,1,0.73,0,0,1,152,28,0.0724713,1,9,0,0,0
paper2_revision_v3_transition_audit_20260906,SMOKE,link_hotspot,1,2026075101,180,30,11,1,FullResched,0.05,49.4444444444444,49,94.2378,0,0,49,152,28,0.0091442,0,NaN,0,0,0
paper2_revision_v3_transition_audit_20260906,SMOKE,link_hotspot,1,2026075101,180,30,11,1,HIVE,0.05,34.4444444444444,54,99.8785999999999,1,0,55,153,27,0.7886304,0,NaN,0,0,0
paper2_revision_v3_transition_audit_20260906,SMOKE,link_hotspot,1,2026075101,180,30,11,1,BigMECGreedy,0.05,29.4444444444444,34,103.9304,0,0,34,153,27,0.0003523,0,NaN,0,0,0
paper2_revision_v3_transition_audit_20260906,SMOKE,link_hotspot,1,2026075101,180,30,11,1,BudgetedLNS,0.05,54.4444444444444,5,34.2466,0,0,5,152,28,0.0691988,1,9,0,0,0
paper2_revision_v3_transition_audit_20260906,SMOKE,link_hotspot,2,2026075102,180,1,11,0,FullResched,0.05,50.5555555555556,0,0,0,0,0,154,26,0.0093234,0,NaN,0,0,0
paper2_revision_v3_transition_audit_20260906,SMOKE,link_hotspot,2,2026075102,180,1,11,0,HIVE,0.05,48.3333333333333,0,0,0,0,0,155,25,0.7913473,0,NaN,0,0,0
paper2_revision_v3_transition_audit_20260906,SMOKE,link_hotspot,2,2026075102,180,1,11,0,BigMECGreedy,0.05,33.3333333333333,0,0,0,0,0,154,26,0.012026,0,NaN,0,0,0
paper2_revision_v3_transition_audit_20260906,SMOKE,link_hotspot,2,2026075102,180,1,11,0,BudgetedLNS,0.05,52.7777777777778,0,0,0,0,0,154,26,0.0762298,1,9,0,0,0
paper2_revision_v3_transition_audit_20260906,SMOKE,link_hotspot,2,2026075102,180,2,11,0,FullResched,0.05,52.7777777777778,60,159.4794,0,0,60,154,26,0.0095258,0,NaN,0,0,0
paper2_revision_v3_transition_audit_20260906,SMOKE,link_hotspot,2,2026075102,180,2,11,0,HIVE,0.05,42.2222222222222,73,153.3038,0,1,74,154,26,0.7883241,0,NaN,0,0,0
paper2_revision_v3_transition_audit_20260906,SMOKE,link_hotspot,2,2026075102,180,2,11,0,BigMECGreedy,0.05,32.2222222222222,25,87.4063999999999,0,0,25,154,26,0.000362,0,NaN,0,0,0
paper2_revision_v3_transition_audit_20260906,SMOKE,link_hotspot,2,2026075102,180,2,11,0,BudgetedLNS,0.05,55.5555555555556,7,36.702,0,1,8,153,27,0.0689888,1,9,0,0,0
paper2_revision_v3_transition_audit_20260906,SMOKE,link_hotspot,2,2026075102,180,3,11,0,FullResched,0.05,53.3333333333333,59,162.731,0,1,60,153,27,0.0100718,0,NaN,0,0,0
paper2_revision_v3_transition_audit_20260906,SMOKE,link_hotspot,2,2026075102,180,3,11,0,HIVE,0.05,46.6666666666667,66,120.5834,0,1,67,153,27,0.7874775,0,NaN,0,0,0
paper2_revision_v3_transition_audit_20260906,SMOKE,link_hotspot,2,2026075102,180,3,11,0,BigMECGreedy,0.05,28.3333333333333,20,41.3454,1,0,21,155,25,0.0003597,0,NaN,0,0,0
paper2_revision_v3_transition_audit_20260906,SMOKE,link_hotspot,2,2026075102,180,3,11,0,BudgetedLNS,0.05,53.8888888888889,5,46.061,0,0,5,153,27,0.0689198,1,9,0,0,0
paper2_revision_v3_transition_audit_20260906,SMOKE,link_hotspot,2,2026075102,180,4,11,0,FullResched,0.05,47.7777777777778,46,93.0431999999999,0,0,46,153,27,0.0097225,0,NaN,0,0,0
paper2_revision_v3_transition_audit_20260906,SMOKE,link_hotspot,2,2026075102,180,4,11,0,HIVE,0.05,48.8888888888889,63,121.3796,0,2,65,151,29,0.7990513,0,NaN,0,0,0
paper2_revision_v3_transition_audit_20260906,SMOKE,link_hotspot,2,2026075102,180,4,11,0,BigMECGreedy,0.05,28.3333333333333,20,68.9558,0,1,21,154,26,0.0003451,0,NaN,0,0,0
paper2_revision_v3_transition_audit_20260906,SMOKE,link_hotspot,2,2026075102,180,4,11,0,BudgetedLNS,0.05,53.3333333333333,5,34.2466,0,0,5,153,27,0.0667029,1,9,0,0,0
paper2_revision_v3_transition_audit_20260906,SMOKE,link_hotspot,2,2026075102,180,5,11,0,FullResched,0.05,42.2222222222222,47,120.3882,0,0,47,153,27,0.0093458,0,NaN,0,0,0
paper2_revision_v3_transition_audit_20260906,SMOKE,link_hotspot,2,2026075102,180,5,11,0,HIVE,0.05,49.4444444444444,63,110.4302,1,0,64,152,28,0.7932729,0,NaN,0,0,0
paper2_revision_v3_transition_audit_20260906,SMOKE,link_hotspot,2,2026075102,180,5,11,0,BigMECGreedy,0.05,32.2222222222222,26,66.4984,0,1,27,153,27,0.0003628,0,NaN,0,0,0
paper2_revision_v3_transition_audit_20260906,SMOKE,link_hotspot,2,2026075102,180,5,11,0,BudgetedLNS,0.05,51.6666666666667,0,0,0,0,0,153,27,0.0698959,1,9,0,0,0
paper2_revision_v3_transition_audit_20260906,SMOKE,link_hotspot,2,2026075102,180,6,11,0,FullResched,0.05,40,53,127.7544,0,0,53,153,27,0.0093676,0,NaN,0,0,0
paper2_revision_v3_transition_audit_20260906,SMOKE,link_hotspot,2,2026075102,180,6,11,0,HIVE,0.05,48.8888888888889,52,84.6134,0,0,52,152,28,0.6928565,0,NaN,0,0,0
paper2_revision_v3_transition_audit_20260906,SMOKE,link_hotspot,2,2026075102,180,6,11,0,BigMECGreedy,0.05,31.6666666666667,21,56.876,0,0,21,153,27,0.0003517,0,NaN,0,0,0
paper2_revision_v3_transition_audit_20260906,SMOKE,link_hotspot,2,2026075102,180,6,11,0,BudgetedLNS,0.05,46.6666666666667,3,17.986,0,0,3,153,27,0.0700185,1,9,0,0,0
paper2_revision_v3_transition_audit_20260906,SMOKE,link_hotspot,2,2026075102,180,7,11,0,FullResched,0.05,40.5555555555556,57,126.6928,0,0,57,153,27,0.0086564,0,NaN,0,0,0
paper2_revision_v3_transition_audit_20260906,SMOKE,link_hotspot,2,2026075102,180,7,11,0,HIVE,0.05,52.2222222222222,62,103.8582,0,0,62,152,28,0.6825067,0,NaN,0,0,0
paper2_revision_v3_transition_audit_20260906,SMOKE,link_hotspot,2,2026075102,180,7,11,0,BigMECGreedy,0.05,37.2222222222222,19,54.4206,0,1,20,152,28,0.0003586,0,NaN,0,0,0
paper2_revision_v3_transition_audit_20260906,SMOKE,link_hotspot,2,2026075102,180,7,11,0,BudgetedLNS,0.05,42.7777777777778,3,17.986,0,0,3,153,27,0.0705699,1,9,0,0,0
paper2_revision_v3_transition_audit_20260906,SMOKE,link_hotspot,2,2026075102,180,8,11,0,FullResched,0.05,40,57,130.6744,0,0,57,153,27,0.0090088,0,NaN,0,0,0
paper2_revision_v3_transition_audit_20260906,SMOKE,link_hotspot,2,2026075102,180,8,11,0,HIVE,0.05,47.7777777777778,58,81.1605999999999,0,0,58,152,28,0.6820582,0,NaN,0,0,0
paper2_revision_v3_transition_audit_20260906,SMOKE,link_hotspot,2,2026075102,180,8,11,0,BigMECGreedy,0.05,27.7777777777778,24,72.8712,1,0,25,153,27,0.0003955,0,NaN,0,0,0
paper2_revision_v3_transition_audit_20260906,SMOKE,link_hotspot,2,2026075102,180,8,11,0,BudgetedLNS,0.05,52.2222222222222,4,19.7114,0,1,5,152,28,0.0702144,1,9,0,0,0
paper2_revision_v3_transition_audit_20260906,SMOKE,link_hotspot,2,2026075102,180,9,11,0,FullResched,0.05,45,52,138.8388,0,1,53,152,28,0.0095408,0,NaN,0,0,0
paper2_revision_v3_transition_audit_20260906,SMOKE,link_hotspot,2,2026075102,180,9,11,0,HIVE,0.05,46.6666666666667,61,96.1603999999999,0,0,61,152,28,0.6780194,0,NaN,0,0,0
paper2_revision_v3_transition_audit_20260906,SMOKE,link_hotspot,2,2026075102,180,9,11,0,BigMECGreedy,0.05,31.1111111111111,21,82.4956,0,1,22,152,28,0.0003531,0,NaN,0,0,0
paper2_revision_v3_transition_audit_20260906,SMOKE,link_hotspot,2,2026075102,180,9,11,0,BudgetedLNS,0.05,51.6666666666667,0,0,0,0,0,152,28,0.0745668,1,9,0,0,0
paper2_revision_v3_transition_audit_20260906,SMOKE,link_hotspot,2,2026075102,180,10,11,0,FullResched,0.05,36.6666666666667,61,163.1956,1,0,62,153,27,0.0099125,0,NaN,0,0,0
paper2_revision_v3_transition_audit_20260906,SMOKE,link_hotspot,2,2026075102,180,10,11,0,HIVE,0.05,43.8888888888889,75,144.9402,0,0,75,152,28,0.6914115,0,NaN,0,0,0
paper2_revision_v3_transition_audit_20260906,SMOKE,link_hotspot,2,2026075102,180,10,11,0,BigMECGreedy,0.05,31.6666666666667,15,46.5236,1,0,16,153,27,0.000359,0,NaN,0,0,0
paper2_revision_v3_transition_audit_20260906,SMOKE,link_hotspot,2,2026075102,180,10,11,0,BudgetedLNS,0.05,48.8888888888889,2,16.2606,0,0,2,152,28,0.0709294,1,9,0,0,0
paper2_revision_v3_transition_audit_20260906,SMOKE,link_hotspot,2,2026075102,180,11,11,1,FullResched,0.05,41.1111111111111,61,113.9472,0,0,61,153,27,0.0087937,0,NaN,0,0,0
paper2_revision_v3_transition_audit_20260906,SMOKE,link_hotspot,2,2026075102,180,11,11,1,HIVE,0.05,47.2222222222222,75,154.7638,0,1,76,151,29,0.786335,0,NaN,0,0,0
paper2_revision_v3_transition_audit_20260906,SMOKE,link_hotspot,2,2026075102,180,11,11,1,BigMECGreedy,0.05,26.1111111111111,42,89.1277999999999,0,0,42,153,27,0.0005418,0,NaN,0,0,0
paper2_revision_v3_transition_audit_20260906,SMOKE,link_hotspot,2,2026075102,180,11,11,1,BudgetedLNS,0.05,46.1111111111111,4,19.7114,0,0,4,152,28,0.0734065,1,9,0,0,0
paper2_revision_v3_transition_audit_20260906,SMOKE,link_hotspot,2,2026075102,180,12,11,1,FullResched,0.05,42.7777777777778,45,118.9282,0,0,45,153,27,0.0104452,0,NaN,0,0,0
paper2_revision_v3_transition_audit_20260906,SMOKE,link_hotspot,2,2026075102,180,12,11,1,HIVE,0.05,50,56,88.5288,1,0,57,152,28,0.6853146,0,NaN,0,0,0
paper2_revision_v3_transition_audit_20260906,SMOKE,link_hotspot,2,2026075102,180,12,11,1,BigMECGreedy,0.05,26.6666666666667,19,40.6154,0,0,19,153,27,0.0003596,0,NaN,0,0,0
paper2_revision_v3_transition_audit_20260906,SMOKE,link_hotspot,2,2026075102,180,12,11,1,BudgetedLNS,0.05,45.5555555555556,6,35.972,0,0,6,152,28,0.0695941,1,9,0,0,0
paper2_revision_v3_transition_audit_20260906,SMOKE,link_hotspot,2,2026075102,180,13,11,1,FullResched,0.05,46.1111111111111,47,89.7915999999999,0,0,47,153,27,0.0090617,0,NaN,0,0,0
paper2_revision_v3_transition_audit_20260906,SMOKE,link_hotspot,2,2026075102,180,13,11,1,HIVE,0.05,52.2222222222222,54,77.2452,0,0,54,152,28,0.8022336,0,NaN,0,0,0
paper2_revision_v3_transition_audit_20260906,SMOKE,link_hotspot,2,2026075102,180,13,11,1,BigMECGreedy,0.05,24.4444444444444,17,25.3502,1,0,18,154,26,0.0004252,0,NaN,0,0,0
paper2_revision_v3_transition_audit_20260906,SMOKE,link_hotspot,2,2026075102,180,13,11,1,BudgetedLNS,0.05,42.2222222222222,1,0.73,1,0,2,153,27,0.0727631,1,9,0,0,0
paper2_revision_v3_transition_audit_20260906,SMOKE,link_hotspot,2,2026075102,180,14,11,1,FullResched,0.05,46.6666666666667,37,81.4961999999999,0,0,37,153,27,0.0099529,0,NaN,0,0,0
paper2_revision_v3_transition_audit_20260906,SMOKE,link_hotspot,2,2026075102,180,14,11,1,HIVE,0.05,42.7777777777778,70,111.689,1,0,71,153,27,0.7919294,0,NaN,0,0,0
paper2_revision_v3_transition_audit_20260906,SMOKE,link_hotspot,2,2026075102,180,14,11,1,BigMECGreedy,0.05,27.7777777777778,11,28.803,0,0,11,154,26,0.0003683,0,NaN,0,0,0
paper2_revision_v3_transition_audit_20260906,SMOKE,link_hotspot,2,2026075102,180,14,11,1,BudgetedLNS,0.05,45.5555555555556,2,16.2606,0,0,2,153,27,0.0736494,1,9,0,0,0
paper2_revision_v3_transition_audit_20260906,SMOKE,link_hotspot,2,2026075102,180,15,11,1,FullResched,0.05,48.3333333333333,41,80.4346,1,0,42,154,26,0.0095336,0,NaN,0,0,0
paper2_revision_v3_transition_audit_20260906,SMOKE,link_hotspot,2,2026075102,180,15,11,1,HIVE,0.05,43.8888888888889,60,82.6206,1,0,61,154,26,0.7917045,0,NaN,0,0,0
paper2_revision_v3_transition_audit_20260906,SMOKE,link_hotspot,2,2026075102,180,15,11,1,BigMECGreedy,0.05,28.8888888888889,12,31.5238,0,0,12,154,26,0.0003508,0,NaN,0,0,0
paper2_revision_v3_transition_audit_20260906,SMOKE,link_hotspot,2,2026075102,180,15,11,1,BudgetedLNS,0.05,48.3333333333333,2,16.2606,0,0,2,153,27,0.0686858,1,9,0,0,0
paper2_revision_v3_transition_audit_20260906,SMOKE,link_hotspot,2,2026075102,180,16,11,1,FullResched,0.05,47.7777777777778,42,108.775,0,0,42,154,26,0.0090882,0,NaN,0,0,0
paper2_revision_v3_transition_audit_20260906,SMOKE,link_hotspot,2,2026075102,180,16,11,1,HIVE,0.05,38.8888888888889,41,70.611,1,0,42,155,25,0.7836301,0,NaN,0,0,0
paper2_revision_v3_transition_audit_20260906,SMOKE,link_hotspot,2,2026075102,180,16,11,1,BigMECGreedy,0.05,34.4444444444444,14,33.9792,0,0,14,154,26,0.0003504,0,NaN,0,0,0
paper2_revision_v3_transition_audit_20260906,SMOKE,link_hotspot,2,2026075102,180,16,11,1,BudgetedLNS,0.05,51.1111111111111,6,23.1622,1,0,7,154,26,0.0734477,1,9,0,0,0
paper2_revision_v3_transition_audit_20260906,SMOKE,link_hotspot,2,2026075102,180,17,11,1,FullResched,0.05,43.8888888888889,54,141.2942,1,0,55,155,25,0.0090073,0,NaN,0,0,0
paper2_revision_v3_transition_audit_20260906,SMOKE,link_hotspot,2,2026075102,180,17,11,1,HIVE,0.05,36.1111111111111,64,142.7522,0,0,64,155,25,1.0201206,0,NaN,0,0,0
paper2_revision_v3_transition_audit_20260906,SMOKE,link_hotspot,2,2026075102,180,17,11,1,BigMECGreedy,0.05,28.8888888888889,22,45.7916,0,0,22,154,26,0.0003771,0,NaN,0,0,0
paper2_revision_v3_transition_audit_20260906,SMOKE,link_hotspot,2,2026075102,180,17,11,1,BudgetedLNS,0.05,52.2222222222222,3,30.7958,0,0,3,154,26,0.0681276,1,9,0,0,0
paper2_revision_v3_transition_audit_20260906,SMOKE,link_hotspot,2,2026075102,180,18,11,1,FullResched,0.05,42.7777777777778,49,109.0384,0,0,49,155,25,0.0098966,0,NaN,0,0,0
paper2_revision_v3_transition_audit_20260906,SMOKE,link_hotspot,2,2026075102,180,18,11,1,HIVE,0.05,37.2222222222222,62,137.3106,0,0,62,155,25,0.7872215,0,NaN,0,0,0
paper2_revision_v3_transition_audit_20260906,SMOKE,link_hotspot,2,2026075102,180,18,11,1,BigMECGreedy,0.05,30.5555555555556,27,53.4232,0,0,27,154,26,0.0006329,0,NaN,0,0,0
paper2_revision_v3_transition_audit_20260906,SMOKE,link_hotspot,2,2026075102,180,18,11,1,BudgetedLNS,0.05,54.4444444444444,2,29.0704,0,0,2,154,26,0.0700559,1,9,0,0,0
paper2_revision_v3_transition_audit_20260906,SMOKE,link_hotspot,2,2026075102,180,19,11,1,FullResched,0.05,49.4444444444444,50,162.9984,0,1,51,154,26,0.0091014,0,NaN,0,0,0
paper2_revision_v3_transition_audit_20260906,SMOKE,link_hotspot,2,2026075102,180,19,11,1,HIVE,0.05,31.1111111111111,64,127.9516,1,0,65,156,24,0.7930871,0,NaN,0,0,0
paper2_revision_v3_transition_audit_20260906,SMOKE,link_hotspot,2,2026075102,180,19,11,1,BigMECGreedy,0.05,29.4444444444444,18,52.6952,1,0,19,155,25,0.0003718,0,NaN,0,0,0
paper2_revision_v3_transition_audit_20260906,SMOKE,link_hotspot,2,2026075102,180,19,11,1,BudgetedLNS,0.05,52.7777777777778,2,16.2606,0,0,2,154,26,0.0680418,1,9,0,0,0
paper2_revision_v3_transition_audit_20260906,SMOKE,link_hotspot,2,2026075102,180,20,11,1,FullResched,0.05,52.2222222222222,41,70.611,0,0,41,154,26,0.0099701,0,NaN,0,0,0
paper2_revision_v3_transition_audit_20260906,SMOKE,link_hotspot,2,2026075102,180,20,11,1,HIVE,0.05,35,61,123.7708,0,1,62,155,25,0.7791239,0,NaN,0,0,0
paper2_revision_v3_transition_audit_20260906,SMOKE,link_hotspot,2,2026075102,180,20,11,1,BigMECGreedy,0.05,28.8888888888889,15,35.7046,0,0,15,155,25,0.0004026,0,NaN,0,0,0
paper2_revision_v3_transition_audit_20260906,SMOKE,link_hotspot,2,2026075102,180,20,11,1,BudgetedLNS,0.05,53.8888888888889,2,16.2606,0,0,2,154,26,0.067397,1,9,0,0,0
paper2_revision_v3_transition_audit_20260906,SMOKE,link_hotspot,2,2026075102,180,21,11,1,FullResched,0.05,48.8888888888889,47,92.7777999999999,0,0,47,154,26,0.0090685,0,NaN,0,0,0
paper2_revision_v3_transition_audit_20260906,SMOKE,link_hotspot,2,2026075102,180,21,11,1,HIVE,0.05,33.3333333333333,60,79.6343999999999,1,0,61,156,24,0.7716376,0,NaN,0,0,0
paper2_revision_v3_transition_audit_20260906,SMOKE,link_hotspot,2,2026075102,180,21,11,1,BigMECGreedy,0.05,31.1111111111111,15,36.7,0,1,16,154,26,0.0004317,0,NaN,0,0,0
paper2_revision_v3_transition_audit_20260906,SMOKE,link_hotspot,2,2026075102,180,21,11,1,BudgetedLNS,0.05,52.2222222222222,2,16.2606,0,0,2,154,26,0.0694999,1,9,0,0,0
paper2_revision_v3_transition_audit_20260906,SMOKE,link_hotspot,2,2026075102,180,22,11,1,FullResched,0.05,51.6666666666667,36,42.2064,0,0,36,154,26,0.0100419,0,NaN,0,0,0
paper2_revision_v3_transition_audit_20260906,SMOKE,link_hotspot,2,2026075102,180,22,11,1,HIVE,0.05,47.7777777777778,58,116.6038,0,3,61,153,27,0.6782765,0,NaN,0,0,0
paper2_revision_v3_transition_audit_20260906,SMOKE,link_hotspot,2,2026075102,180,22,11,1,BigMECGreedy,0.05,28.8888888888889,12,31.5238,0,0,12,154,26,0.0003869,0,NaN,0,0,0
paper2_revision_v3_transition_audit_20260906,SMOKE,link_hotspot,2,2026075102,180,22,11,1,BudgetedLNS,0.05,53.3333333333333,1,1.7254,0,1,2,153,27,0.0711405,1,9,0,0,0
paper2_revision_v3_transition_audit_20260906,SMOKE,link_hotspot,2,2026075102,180,23,11,1,FullResched,0.05,53.8888888888889,54,96.8923999999999,0,1,55,153,27,0.0100724,0,NaN,0,0,0
paper2_revision_v3_transition_audit_20260906,SMOKE,link_hotspot,2,2026075102,180,23,11,1,HIVE,0.05,48.8888888888889,57,92.2449999999999,0,1,58,152,28,0.7925851,0,NaN,0,0,0
paper2_revision_v3_transition_audit_20260906,SMOKE,link_hotspot,2,2026075102,180,23,11,1,BigMECGreedy,0.05,26.6666666666667,13,21.4348,0,0,13,154,26,0.000369,0,NaN,0,0,0
paper2_revision_v3_transition_audit_20260906,SMOKE,link_hotspot,2,2026075102,180,23,11,1,BudgetedLNS,0.05,50,7,24.8876,0,0,7,153,27,0.0913965,1,9,0,0,0
paper2_revision_v3_transition_audit_20260906,SMOKE,link_hotspot,2,2026075102,180,24,11,1,FullResched,0.05,43.8888888888889,46,92.0477999999999,0,0,46,153,27,0.011545,0,NaN,0,0,0
paper2_revision_v3_transition_audit_20260906,SMOKE,link_hotspot,2,2026075102,180,24,11,1,HIVE,0.05,49.4444444444444,67,93.7029999999999,0,0,67,152,28,0.8375382,0,NaN,0,0,0
paper2_revision_v3_transition_audit_20260906,SMOKE,link_hotspot,2,2026075102,180,24,11,1,BigMECGreedy,0.05,28.3333333333333,12,18.714,0,1,13,153,27,0.0004148,0,NaN,0,0,0
paper2_revision_v3_transition_audit_20260906,SMOKE,link_hotspot,2,2026075102,180,24,11,1,BudgetedLNS,0.05,47.2222222222222,0,0,0,0,0,153,27,0.0760751,1,9,0,0,0
paper2_revision_v3_transition_audit_20260906,SMOKE,link_hotspot,2,2026075102,180,25,11,1,FullResched,0.05,38.8888888888889,56,74.7236,0,0,56,153,27,0.010799,0,NaN,0,0,0
paper2_revision_v3_transition_audit_20260906,SMOKE,link_hotspot,2,2026075102,180,25,11,1,HIVE,0.05,51.1111111111111,56,86.538,0,0,56,152,28,0.6755464,0,NaN,0,0,0
paper2_revision_v3_transition_audit_20260906,SMOKE,link_hotspot,2,2026075102,180,25,11,1,BigMECGreedy,0.05,23.3333333333333,18,39.8854,1,0,19,154,26,0.0004017,0,NaN,0,0,0
paper2_revision_v3_transition_audit_20260906,SMOKE,link_hotspot,2,2026075102,180,25,11,1,BudgetedLNS,0.05,45,5,34.2466,0,0,5,153,27,0.0686523,1,9,0,0,0
paper2_revision_v3_transition_audit_20260906,SMOKE,link_hotspot,2,2026075102,180,26,11,1,FullResched,0.05,36.1111111111111,48,89.5261999999999,0,0,48,153,27,0.0094787,0,NaN,0,0,0
paper2_revision_v3_transition_audit_20260906,SMOKE,link_hotspot,2,2026075102,180,26,11,1,HIVE,0.05,51.6666666666667,48,64.902,0,0,48,152,28,0.7876021,0,NaN,0,0,0
paper2_revision_v3_transition_audit_20260906,SMOKE,link_hotspot,2,2026075102,180,26,11,1,BigMECGreedy,0.05,26.1111111111111,19,41.6108,0,1,20,153,27,0.0004243,0,NaN,0,0,0
paper2_revision_v3_transition_audit_20260906,SMOKE,link_hotspot,2,2026075102,180,26,11,1,BudgetedLNS,0.05,43.3333333333333,2,16.2606,0,0,2,153,27,0.0728423,1,9,0,0,0
paper2_revision_v3_transition_audit_20260906,SMOKE,link_hotspot,2,2026075102,180,27,11,1,FullResched,0.05,46.1111111111111,57,131.6698,0,1,58,152,28,0.0090415,0,NaN,0,0,0
paper2_revision_v3_transition_audit_20260906,SMOKE,link_hotspot,2,2026075102,180,27,11,1,HIVE,0.05,50,56,72.7328,0,0,56,152,28,0.7833604,0,NaN,0,0,0
paper2_revision_v3_transition_audit_20260906,SMOKE,link_hotspot,2,2026075102,180,27,11,1,BigMECGreedy,0.05,28.8888888888889,28,56.144,0,1,29,152,28,0.0003422,0,NaN,0,0,0
paper2_revision_v3_transition_audit_20260906,SMOKE,link_hotspot,2,2026075102,180,27,11,1,BudgetedLNS,0.05,40.5555555555556,2,16.2606,0,0,2,153,27,0.0718782,1,9,0,0,0
paper2_revision_v3_transition_audit_20260906,SMOKE,link_hotspot,2,2026075102,180,28,11,1,FullResched,0.05,46.6666666666667,43,85.8761999999999,0,0,43,152,28,0.0100458,0,NaN,0,0,0
paper2_revision_v3_transition_audit_20260906,SMOKE,link_hotspot,2,2026075102,180,28,11,1,HIVE,0.05,48.8888888888889,54,100.874,0,0,54,152,28,0.7757429,0,NaN,0,0,0
paper2_revision_v3_transition_audit_20260906,SMOKE,link_hotspot,2,2026075102,180,28,11,1,BigMECGreedy,0.05,26.1111111111111,19,44.597,0,0,19,152,28,0.0004048,0,NaN,0,0,0
paper2_revision_v3_transition_audit_20260906,SMOKE,link_hotspot,2,2026075102,180,28,11,1,BudgetedLNS,0.05,47.7777777777778,8,52.2326,0,1,9,152,28,0.0595377,1,9,0,0,0
paper2_revision_v3_transition_audit_20260906,SMOKE,link_hotspot,2,2026075102,180,29,11,1,FullResched,0.05,41.1111111111111,55,129.2144,0,0,55,152,28,0.0099705,0,NaN,0,0,0
paper2_revision_v3_transition_audit_20260906,SMOKE,link_hotspot,2,2026075102,180,29,11,1,HIVE,0.05,50,44,58.9958,0,0,44,152,28,0.6695336,0,NaN,0,0,0
paper2_revision_v3_transition_audit_20260906,SMOKE,link_hotspot,2,2026075102,180,29,11,1,BigMECGreedy,0.05,26.6666666666667,19,31.7872,0,0,19,152,28,0.0003757,0,NaN,0,0,0
paper2_revision_v3_transition_audit_20260906,SMOKE,link_hotspot,2,2026075102,180,29,11,1,BudgetedLNS,0.05,46.1111111111111,2,3.4508,0,0,2,152,28,0.0738611,1,9,0,0,0
paper2_revision_v3_transition_audit_20260906,SMOKE,link_hotspot,2,2026075102,180,30,11,1,FullResched,0.05,47.7777777777778,63,135.0544,0,0,63,152,28,0.008825,0,NaN,0,0,0
paper2_revision_v3_transition_audit_20260906,SMOKE,link_hotspot,2,2026075102,180,30,11,1,HIVE,0.05,52.2222222222222,59,119.3246,0,1,60,151,29,0.7751837,0,NaN,0,0,0
paper2_revision_v3_transition_audit_20260906,SMOKE,link_hotspot,2,2026075102,180,30,11,1,BigMECGreedy,0.05,26.6666666666667,14,23.1602,0,0,14,152,28,0.0003915,0,NaN,0,0,0
paper2_revision_v3_transition_audit_20260906,SMOKE,link_hotspot,2,2026075102,180,30,11,1,BudgetedLNS,0.05,46.1111111111111,0,0,0,0,0,152,28,0.069,1,9,0,0,0
paper2_revision_v3_transition_audit_20260906,SMOKE,coupled_hotspot,1,2026076101,180,1,11,0,FullResched,0.05,40,0,0,0,0,0,155,25,0.0105609,0,NaN,0,0,0
paper2_revision_v3_transition_audit_20260906,SMOKE,coupled_hotspot,1,2026076101,180,1,11,0,HIVE,0.05,33.3333333333333,0,0,0,0,0,155,25,0.7852367,0,NaN,0,0,0
paper2_revision_v3_transition_audit_20260906,SMOKE,coupled_hotspot,1,2026076101,180,1,11,0,BigMECGreedy,0.05,27.2222222222222,0,0,0,0,0,155,25,0.0120027,0,NaN,0,0,0
paper2_revision_v3_transition_audit_20260906,SMOKE,coupled_hotspot,1,2026076101,180,1,11,0,BudgetedLNS,0.05,46.1111111111111,0,0,0,0,0,155,25,0.0907161,1,9,0,0,0
paper2_revision_v3_transition_audit_20260906,SMOKE,coupled_hotspot,1,2026076101,180,2,11,0,FullResched,0.05,36.1111111111111,47,135.1888,0,0,47,155,25,0.0091972,0,NaN,0,0,0
paper2_revision_v3_transition_audit_20260906,SMOKE,coupled_hotspot,1,2026076101,180,2,11,0,HIVE,0.05,37.2222222222222,61,141.5576,0,0,61,155,25,0.7831457,0,NaN,0,0,0
paper2_revision_v3_transition_audit_20260906,SMOKE,coupled_hotspot,1,2026076101,180,2,11,0,BigMECGreedy,0.05,28.8888888888889,23,125.3712,0,0,23,155,25,0.0003658,0,NaN,0,0,0
paper2_revision_v3_transition_audit_20260906,SMOKE,coupled_hotspot,1,2026076101,180,2,11,0,BudgetedLNS,0.05,42.7777777777778,2,16.2606,0,0,2,155,25,0.0779977,1,9,0,0,0
paper2_revision_v3_transition_audit_20260906,SMOKE,coupled_hotspot,1,2026076101,180,3,11,0,FullResched,0.05,38.3333333333333,48,93.5077999999999,0,0,48,155,25,0.0096877,0,NaN,0,0,0
paper2_revision_v3_transition_audit_20260906,SMOKE,coupled_hotspot,1,2026076101,180,3,11,0,HIVE,0.05,40.5555555555556,58,149.1912,0,1,59,154,26,0.7783215,0,NaN,0,0,0
paper2_revision_v3_transition_audit_20260906,SMOKE,coupled_hotspot,1,2026076101,180,3,11,0,BigMECGreedy,0.05,32.2222222222222,22,98.0262,0,1,23,154,26,0.0003497,0,NaN,0,0,0
paper2_revision_v3_transition_audit_20260906,SMOKE,coupled_hotspot,1,2026076101,180,3,11,0,BudgetedLNS,0.05,37.2222222222222,4,32.5212,0,0,4,155,25,0.0748326,1,9,0,0,0
paper2_revision_v3_transition_audit_20260906,SMOKE,coupled_hotspot,1,2026076101,180,4,11,0,FullResched,0.05,47.2222222222222,51,84.8788,0,2,53,153,27,0.0094124,0,NaN,0,0,0
paper2_revision_v3_transition_audit_20260906,SMOKE,coupled_hotspot,1,2026076101,180,4,11,0,HIVE,0.05,36.6666666666667,66,160.0082,0,0,66,154,26,0.787126,0,NaN,0,0,0
paper2_revision_v3_transition_audit_20260906,SMOKE,coupled_hotspot,1,2026076101,180,4,11,0,BigMECGreedy,0.05,34.4444444444444,20,83.7563999999999,0,1,21,153,27,0.0003348,0,NaN,0,0,0
paper2_revision_v3_transition_audit_20260906,SMOKE,coupled_hotspot,1,2026076101,180,4,11,0,BudgetedLNS,0.05,58.3333333333333,11,53.4272,0,3,14,152,28,0.0579852,1,9,1,2,0
paper2_revision_v3_transition_audit_20260906,SMOKE,coupled_hotspot,1,2026076101,180,5,11,0,FullResched,0.05,39.4444444444444,50,122.5782,0,1,51,152,28,0.0096594,0,NaN,0,0,0
paper2_revision_v3_transition_audit_20260906,SMOKE,coupled_hotspot,1,2026076101,180,5,11,0,HIVE,0.05,45,68,128.8808,0,2,70,152,28,0.7836078,0,NaN,0,0,0
paper2_revision_v3_transition_audit_20260906,SMOKE,coupled_hotspot,1,2026076101,180,5,11,0,BigMECGreedy,0.05,32.2222222222222,28,107.3832,0,1,29,152,28,0.0004165,0,NaN,0,0,0
paper2_revision_v3_transition_audit_20260906,SMOKE,coupled_hotspot,1,2026076101,180,5,11,0,BudgetedLNS,0.05,58.3333333333333,4,45.331,0,0,4,152,28,0.0673934,1,9,0,0,0
paper2_revision_v3_transition_audit_20260906,SMOKE,coupled_hotspot,1,2026076101,180,6,11,0,FullResched,0.05,48.3333333333333,62,112.6864,0,1,63,151,29,0.0102097,0,NaN,0,0,0
paper2_revision_v3_transition_audit_20260906,SMOKE,coupled_hotspot,1,2026076101,180,6,11,0,HIVE,0.05,45,73,149.3222,0,0,73,152,28,0.7938952,0,NaN,0,0,0
paper2_revision_v3_transition_audit_20260906,SMOKE,coupled_hotspot,1,2026076101,180,6,11,0,BigMECGreedy,0.05,36.1111111111111,20,68.9558,0,1,21,151,29,0.0003959,0,NaN,0,0,0
paper2_revision_v3_transition_audit_20260906,SMOKE,coupled_hotspot,1,2026076101,180,6,11,0,BudgetedLNS,0.05,55.5555555555556,2,16.2606,0,0,2,152,28,0.0693496,1,9,0,0,0
paper2_revision_v3_transition_audit_20260906,SMOKE,coupled_hotspot,1,2026076101,180,7,11,0,FullResched,0.05,47.7777777777778,54,86.0734,0,0,54,151,29,0.0090478,0,NaN,0,0,0
paper2_revision_v3_transition_audit_20260906,SMOKE,coupled_hotspot,1,2026076101,180,7,11,0,HIVE,0.05,48.8888888888889,66,115.6064,0,1,67,151,29,0.7827075,0,NaN,0,0,0
paper2_revision_v3_transition_audit_20260906,SMOKE,coupled_hotspot,1,2026076101,180,7,11,0,BigMECGreedy,0.05,29.4444444444444,15,49.5098,1,0,16,152,28,0.0004652,0,NaN,0,0,0
paper2_revision_v3_transition_audit_20260906,SMOKE,coupled_hotspot,1,2026076101,180,7,11,0,BudgetedLNS,0.05,55,0,0,0,0,0,152,28,0.0652137,1,9,0,0,0
paper2_revision_v3_transition_audit_20260906,SMOKE,coupled_hotspot,1,2026076101,180,8,11,0,FullResched,0.05,48.8888888888889,59,108.5056,0,0,59,151,29,0.0092333,0,NaN,0,0,0
paper2_revision_v3_transition_audit_20260906,SMOKE,coupled_hotspot,1,2026076101,180,8,11,0,HIVE,0.05,50.5555555555556,68,119.0572,0,0,68,151,29,0.8312821,0,NaN,0,0,0
paper2_revision_v3_transition_audit_20260906,SMOKE,coupled_hotspot,1,2026076101,180,8,11,0,BigMECGreedy,0.05,34.4444444444444,21,70.6812,0,1,22,151,29,0.0003517,0,NaN,0,0,0
paper2_revision_v3_transition_audit_20260906,SMOKE,coupled_hotspot,1,2026076101,180,8,11,0,BudgetedLNS,0.05,53.3333333333333,0,0,0,0,0,152,28,0.0733317,1,9,0,0,0
paper2_revision_v3_transition_audit_20260906,SMOKE,coupled_hotspot,1,2026076101,180,9,11,0,FullResched,0.05,48.3333333333333,46,80.2334,0,0,46,151,29,0.0103156,0,NaN,0,0,0
paper2_revision_v3_transition_audit_20260906,SMOKE,coupled_hotspot,1,2026076101,180,9,11,0,HIVE,0.05,49.4444444444444,65,117.8626,0,0,65,151,29,0.7941643,0,NaN,0,0,0
paper2_revision_v3_transition_audit_20260906,SMOKE,coupled_hotspot,1,2026076101,180,9,11,0,BigMECGreedy,0.05,35,19,42.6062,0,0,19,151,29,0.0003829,0,NaN,0,0,0
paper2_revision_v3_transition_audit_20260906,SMOKE,coupled_hotspot,1,2026076101,180,9,11,0,BudgetedLNS,0.05,52.2222222222222,1,0.73,0,0,1,152,28,0.0721357,1,9,0,0,0
paper2_revision_v3_transition_audit_20260906,SMOKE,coupled_hotspot,1,2026076101,180,10,11,0,FullResched,0.05,48.8888888888889,51,83.8834,0,0,51,151,29,0.0105978,0,NaN,0,0,0
paper2_revision_v3_transition_audit_20260906,SMOKE,coupled_hotspot,1,2026076101,180,10,11,0,HIVE,0.05,45.5555555555556,60,106.2494,0,0,60,151,29,0.7885731,0,NaN,0,0,0
paper2_revision_v3_transition_audit_20260906,SMOKE,coupled_hotspot,1,2026076101,180,10,11,0,BigMECGreedy,0.05,30,17,62.7842,0,0,17,151,29,0.000404,0,NaN,0,0,0
paper2_revision_v3_transition_audit_20260906,SMOKE,coupled_hotspot,1,2026076101,180,10,11,0,BudgetedLNS,0.05,49.4444444444444,0,0,0,0,0,152,28,0.0690527,1,9,0,0,0
paper2_revision_v3_transition_audit_20260906,SMOKE,coupled_hotspot,1,2026076101,180,11,11,1,FullResched,0.05,49.4444444444444,64,90.5176,0,11,75,140,40,0.0089957,0,NaN,0,0,0
paper2_revision_v3_transition_audit_20260906,SMOKE,coupled_hotspot,1,2026076101,180,11,11,1,HIVE,0.05,54.4444444444444,69,90.186,0,11,80,140,40,0.7785993,0,NaN,0,0,0
paper2_revision_v3_transition_audit_20260906,SMOKE,coupled_hotspot,1,2026076101,180,11,11,1,BigMECGreedy,0.05,38.8888888888889,46,67.4236,0,12,58,139,41,0.000436,0,NaN,0,0,0
paper2_revision_v3_transition_audit_20260906,SMOKE,coupled_hotspot,1,2026076101,180,11,11,1,BudgetedLNS,0.05,57.7777777777778,17,28.3364,0,13,30,139,41,0.0126618,1,9,1,8,0
paper2_revision_v3_transition_audit_20260906,SMOKE,coupled_hotspot,1,2026076101,180,12,11,1,FullResched,0.05,50.5555555555556,55,74.989,0,0,55,140,40,0.0096494,0,NaN,0,0,0
paper2_revision_v3_transition_audit_20260906,SMOKE,coupled_hotspot,1,2026076101,180,12,11,1,HIVE,0.05,50,60,81.6251999999999,1,0,61,141,39,0.7822841,0,NaN,0,0,0
paper2_revision_v3_transition_audit_20260906,SMOKE,coupled_hotspot,1,2026076101,180,12,11,1,BigMECGreedy,0.05,41.1111111111111,19,26.8102,1,0,20,140,40,0.0003733,0,NaN,0,0,0
paper2_revision_v3_transition_audit_20260906,SMOKE,coupled_hotspot,1,2026076101,180,12,11,1,BudgetedLNS,0.05,61.1111111111111,3,4.1808,0,0,3,139,41,0.0658553,1,9,0,0,0
paper2_revision_v3_transition_audit_20260906,SMOKE,coupled_hotspot,1,2026076101,180,13,11,1,FullResched,0.05,42.2222222222222,49,69.6136,1,0,50,141,39,0.0087007,0,NaN,0,0,0
paper2_revision_v3_transition_audit_20260906,SMOKE,coupled_hotspot,1,2026076101,180,13,11,1,HIVE,0.05,52.7777777777778,56,77.7098,0,0,56,141,39,0.8999002,0,NaN,0,0,0
paper2_revision_v3_transition_audit_20260906,SMOKE,coupled_hotspot,1,2026076101,180,13,11,1,BigMECGreedy,0.05,39.4444444444444,23,35.7026,0,0,23,140,40,0.0004263,0,NaN,0,0,0
paper2_revision_v3_transition_audit_20260906,SMOKE,coupled_hotspot,1,2026076101,180,13,11,1,BudgetedLNS,0.05,61.6666666666667,3,2.19,1,0,4,140,40,0.067522,1,9,0,0,0
paper2_revision_v3_transition_audit_20260906,SMOKE,coupled_hotspot,1,2026076101,180,14,11,1,FullResched,0.05,46.1111111111111,46,64.4374,0,0,46,141,39,0.0086753,0,NaN,0,0,0
paper2_revision_v3_transition_audit_20260906,SMOKE,coupled_hotspot,1,2026076101,180,14,11,1,HIVE,0.05,54.4444444444444,60,79.6343999999999,0,0,60,141,39,0.793505,0,NaN,0,0,0
paper2_revision_v3_transition_audit_20260906,SMOKE,coupled_hotspot,1,2026076101,180,14,11,1,BigMECGreedy,0.05,38.8888888888889,20,28.5356,1,0,21,141,39,0.000456,0,NaN,0,0,0
paper2_revision_v3_transition_audit_20260906,SMOKE,coupled_hotspot,1,2026076101,180,14,11,1,BudgetedLNS,0.05,59.4444444444444,8,11.8124,1,0,9,141,39,0.0715908,1,9,0,0,0
paper2_revision_v3_transition_audit_20260906,SMOKE,coupled_hotspot,1,2026076101,180,15,11,1,FullResched,0.05,44.4444444444444,44,63.9728,1,0,45,142,38,0.0093807,0,NaN,0,0,0
paper2_revision_v3_transition_audit_20260906,SMOKE,coupled_hotspot,1,2026076101,180,15,11,1,HIVE,0.05,55.5555555555556,50,68.3528,0,0,50,141,39,0.7788314,0,NaN,0,0,0
paper2_revision_v3_transition_audit_20260906,SMOKE,coupled_hotspot,1,2026076101,180,15,11,1,BigMECGreedy,0.05,41.1111111111111,13,18.4486,1,0,14,142,38,0.0004065,0,NaN,0,0,0
paper2_revision_v3_transition_audit_20260906,SMOKE,coupled_hotspot,1,2026076101,180,15,11,1,BudgetedLNS,0.05,60,2,3.4508,0,0,2,141,39,0.0672418,1,9,0,0,0
paper2_revision_v3_transition_audit_20260906,SMOKE,coupled_hotspot,1,2026076101,180,16,11,1,FullResched,0.05,49.4444444444444,65,95.2291999999999,0,0,65,142,38,0.0095346,0,NaN,0,0,0
paper2_revision_v3_transition_audit_20260906,SMOKE,coupled_hotspot,1,2026076101,180,16,11,1,HIVE,0.05,47.2222222222222,67,92.7075999999999,1,0,68,142,38,0.8882472,0,NaN,0,0,0
paper2_revision_v3_transition_audit_20260906,SMOKE,coupled_hotspot,1,2026076101,180,16,11,1,BigMECGreedy,0.05,34.4444444444444,10,15.2632,1,0,11,143,37,0.0003804,0,NaN,0,0,0
paper2_revision_v3_transition_audit_20260906,SMOKE,coupled_hotspot,1,2026076101,180,16,11,1,BudgetedLNS,0.05,62.2222222222222,1,0.73,0,0,1,141,39,0.0638059,1,9,0,0,0
paper2_revision_v3_transition_audit_20260906,SMOKE,coupled_hotspot,1,2026076101,180,17,11,1,FullResched,0.05,41.6666666666667,54,82.2221999999999,1,0,55,143,37,0.009467,0,NaN,0,0,0
paper2_revision_v3_transition_audit_20260906,SMOKE,coupled_hotspot,1,2026076101,180,17,11,1,HIVE,0.05,50.5555555555556,59,78.9044,0,0,59,142,38,0.7980701,0,NaN,0,0,0
paper2_revision_v3_transition_audit_20260906,SMOKE,coupled_hotspot,1,2026076101,180,17,11,1,BigMECGreedy,0.05,34.4444444444444,17,25.3502,0,0,17,143,37,0.0003428,0,NaN,0,0,0
paper2_revision_v3_transition_audit_20260906,SMOKE,coupled_hotspot,1,2026076101,180,17,11,1,BudgetedLNS,0.05,63.8888888888889,2,3.4508,0,0,2,141,39,0.0631338,1,9,0,0,0
paper2_revision_v3_transition_audit_20260906,SMOKE,coupled_hotspot,1,2026076101,180,18,11,1,FullResched,0.05,56.6666666666667,58,87.1329999999999,0,1,59,142,38,0.0103115,0,NaN,0,0,0
paper2_revision_v3_transition_audit_20260906,SMOKE,coupled_hotspot,1,2026076101,180,18,11,1,HIVE,0.05,47.2222222222222,61,85.3413999999999,1,0,62,143,37,0.7866972,0,NaN,0,0,0
paper2_revision_v3_transition_audit_20260906,SMOKE,coupled_hotspot,1,2026076101,180,18,11,1,BigMECGreedy,0.05,37.2222222222222,20,32.5172,0,0,20,143,37,0.0003898,0,NaN,0,0,0
paper2_revision_v3_transition_audit_20260906,SMOKE,coupled_hotspot,1,2026076101,180,18,11,1,BudgetedLNS,0.05,58.8888888888889,1,1.7254,1,0,2,142,38,0.0662217,1,9,0,0,0
paper2_revision_v3_transition_audit_20260906,SMOKE,coupled_hotspot,1,2026076101,180,19,11,1,FullResched,0.05,46.6666666666667,55,81.9567999999999,1,0,56,143,37,0.0096931,0,NaN,0,0,0
paper2_revision_v3_transition_audit_20260906,SMOKE,coupled_hotspot,1,2026076101,180,19,11,1,HIVE,0.05,53.3333333333333,52,73.7944,0,1,53,142,38,0.7906489,0,NaN,0,0,0
paper2_revision_v3_transition_audit_20260906,SMOKE,coupled_hotspot,1,2026076101,180,19,11,1,BigMECGreedy,0.05,36.6666666666667,24,34.4418,0,0,24,143,37,0.0003898,0,NaN,0,0,0
paper2_revision_v3_transition_audit_20260906,SMOKE,coupled_hotspot,1,2026076101,180,19,11,1,BudgetedLNS,0.05,60,0,0,0,0,0,142,38,0.0659291,1,9,0,0,0
paper2_revision_v3_transition_audit_20260906,SMOKE,coupled_hotspot,1,2026076101,180,20,11,1,FullResched,0.05,55.5555555555556,62,89.0575999999999,0,1,63,142,38,0.0093469,0,NaN,0,0,0
paper2_revision_v3_transition_audit_20260906,SMOKE,coupled_hotspot,1,2026076101,180,20,11,1,HIVE,0.05,47.7777777777778,56,72.7327999999999,0,0,56,142,38,0.8966528,0,NaN,0,0,0
paper2_revision_v3_transition_audit_20260906,SMOKE,coupled_hotspot,1,2026076101,180,20,11,1,BigMECGreedy,0.05,35,23,34.7072,0,0,23,143,37,0.0004549,0,NaN,0,0,0
paper2_revision_v3_transition_audit_20260906,SMOKE,coupled_hotspot,1,2026076101,180,20,11,1,BudgetedLNS,0.05,55.5555555555556,0,0,0,0,0,142,38,0.0630684,1,9,0,0,0
paper2_revision_v3_transition_audit_20260906,SMOKE,coupled_hotspot,1,2026076101,180,21,11,1,FullResched,0.05,55,45,67.689,0,0,45,142,38,0.009089,0,NaN,0,0,0
paper2_revision_v3_transition_audit_20260906,SMOKE,coupled_hotspot,1,2026076101,180,21,11,1,HIVE,0.05,44.4444444444444,60,79.6343999999999,1,0,61,143,37,0.7866627,0,NaN,0,0,0
paper2_revision_v3_transition_audit_20260906,SMOKE,coupled_hotspot,1,2026076101,180,21,11,1,BigMECGreedy,0.05,43.3333333333333,18,28.071,0,1,19,142,38,0.0004238,0,NaN,0,0,0
paper2_revision_v3_transition_audit_20260906,SMOKE,coupled_hotspot,1,2026076101,180,21,11,1,BudgetedLNS,0.05,61.6666666666667,3,5.1762,0,1,4,141,39,0.0632669,1,9,0,0,0
paper2_revision_v3_transition_audit_20260906,SMOKE,coupled_hotspot,1,2026076101,180,22,11,1,FullResched,0.05,52.2222222222222,46,70.4098,0,0,46,142,38,0.0113804,0,NaN,0,0,0
paper2_revision_v3_transition_audit_20260906,SMOKE,coupled_hotspot,1,2026076101,180,22,11,1,HIVE,0.05,53.8888888888889,51,76.0506,0,1,52,142,38,0.7831736,0,NaN,0,0,0
paper2_revision_v3_transition_audit_20260906,SMOKE,coupled_hotspot,1,2026076101,180,22,11,1,BigMECGreedy,0.05,42.7777777777778,11,16.9886,0,0,11,142,38,0.000372,0,NaN,0,0,0
paper2_revision_v3_transition_audit_20260906,SMOKE,coupled_hotspot,1,2026076101,180,22,11,1,BudgetedLNS,0.05,60,2,3.4508,0,0,2,141,39,0.0678133,1,9,0,0,0
paper2_revision_v3_transition_audit_20260906,SMOKE,coupled_hotspot,1,2026076101,180,23,11,1,FullResched,0.05,42.2222222222222,58,88.1283999999999,0,0,58,142,38,0.0095395,0,NaN,0,0,0
paper2_revision_v3_transition_audit_20260906,SMOKE,coupled_hotspot,1,2026076101,180,23,11,1,HIVE,0.05,57.2222222222222,56,80.696,0,2,58,140,40,0.7983462,0,NaN,0,0,0
paper2_revision_v3_transition_audit_20260906,SMOKE,coupled_hotspot,1,2026076101,180,23,11,1,BigMECGreedy,0.05,40,20,29.531,0,0,20,142,38,0.0003337,0,NaN,0,0,0
paper2_revision_v3_transition_audit_20260906,SMOKE,coupled_hotspot,1,2026076101,180,23,11,1,BudgetedLNS,0.05,58.3333333333333,2,3.4508,0,0,2,141,39,0.0652932,1,9,0,0,0
paper2_revision_v3_transition_audit_20260906,SMOKE,coupled_hotspot,1,2026076101,180,24,11,1,FullResched,0.05,43.8888888888889,52,75.7852,0,1,53,141,39,0.0100712,0,NaN,0,0,0
paper2_revision_v3_transition_audit_20260906,SMOKE,coupled_hotspot,1,2026076101,180,24,11,1,HIVE,0.05,58.8888888888889,54,71.2728,0,0,54,140,40,0.7827666,0,NaN,0,0,0
paper2_revision_v3_transition_audit_20260906,SMOKE,coupled_hotspot,1,2026076101,180,24,11,1,BigMECGreedy,0.05,42.2222222222222,15,22.8948,0,2,17,140,40,0.0003825,0,NaN,0,0,0
paper2_revision_v3_transition_audit_20260906,SMOKE,coupled_hotspot,1,2026076101,180,24,11,1,BudgetedLNS,0.05,58.3333333333333,2,3.4508,0,0,2,141,39,0.066702,1,9,0,0,0
paper2_revision_v3_transition_audit_20260906,SMOKE,coupled_hotspot,1,2026076101,180,25,11,1,FullResched,0.05,40.5555555555556,48,72.8652,0,0,48,141,39,0.0087028,0,NaN,0,0,0
paper2_revision_v3_transition_audit_20260906,SMOKE,coupled_hotspot,1,2026076101,180,25,11,1,HIVE,0.05,52.7777777777778,45,62.712,0,0,45,140,40,0.8089975,0,NaN,0,0,0
paper2_revision_v3_transition_audit_20260906,SMOKE,coupled_hotspot,1,2026076101,180,25,11,1,BigMECGreedy,0.05,38.3333333333333,16,24.6202,0,0,16,140,40,0.0003843,0,NaN,0,0,0
paper2_revision_v3_transition_audit_20260906,SMOKE,coupled_hotspot,1,2026076101,180,25,11,1,BudgetedLNS,0.05,57.2222222222222,2,3.4508,0,0,2,141,39,0.0669195,1,9,0,0,0
paper2_revision_v3_transition_audit_20260906,SMOKE,coupled_hotspot,1,2026076101,180,26,11,1,FullResched,0.05,50.5555555555556,47,65.1674,0,1,48,140,40,0.0101467,0,NaN,0,0,0
paper2_revision_v3_transition_audit_20260906,SMOKE,coupled_hotspot,1,2026076101,180,26,11,1,HIVE,0.05,58.8888888888889,56,76.7143999999999,0,0,56,140,40,0.7886739,0,NaN,0,0,0
paper2_revision_v3_transition_audit_20260906,SMOKE,coupled_hotspot,1,2026076101,180,26,11,1,BigMECGreedy,0.05,35,24,36.4326,1,0,25,141,39,0.000589,0,NaN,0,0,0
paper2_revision_v3_transition_audit_20260906,SMOKE,coupled_hotspot,1,2026076101,180,26,11,1,BudgetedLNS,0.05,61.1111111111111,0,0,0,1,1,140,40,0.0692287,1,9,0,0,0
paper2_revision_v3_transition_audit_20260906,SMOKE,coupled_hotspot,1,2026076101,180,27,11,1,FullResched,0.05,49.4444444444444,53,74.5244,0,0,53,140,40,0.0090757,0,NaN,0,0,0
paper2_revision_v3_transition_audit_20260906,SMOKE,coupled_hotspot,1,2026076101,180,27,11,1,HIVE,0.05,58.8888888888889,58,78.1743999999999,0,0,58,140,40,0.7961618,0,NaN,0,0,0
paper2_revision_v3_transition_audit_20260906,SMOKE,coupled_hotspot,1,2026076101,180,27,11,1,BigMECGreedy,0.05,43.8888888888889,22,33.9772,0,2,24,139,41,0.0003469,0,NaN,0,0,0
paper2_revision_v3_transition_audit_20260906,SMOKE,coupled_hotspot,1,2026076101,180,27,11,1,BudgetedLNS,0.05,60,2,3.4508,0,0,2,140,40,0.0662965,1,9,0,0,0
paper2_revision_v3_transition_audit_20260906,SMOKE,coupled_hotspot,1,2026076101,180,28,11,1,FullResched,0.05,49.4444444444444,44,67.9544,0,0,44,140,40,0.0089421,0,NaN,0,0,0
paper2_revision_v3_transition_audit_20260906,SMOKE,coupled_hotspot,1,2026076101,180,28,11,1,HIVE,0.05,51.6666666666667,54,71.2728,0,0,54,140,40,0.7933758,0,NaN,0,0,0
paper2_revision_v3_transition_audit_20260906,SMOKE,coupled_hotspot,1,2026076101,180,28,11,1,BigMECGreedy,0.05,39.4444444444444,21,33.2472,0,0,21,139,41,0.0004179,0,NaN,0,0,0
paper2_revision_v3_transition_audit_20260906,SMOKE,coupled_hotspot,1,2026076101,180,28,11,1,BudgetedLNS,0.05,58.8888888888889,1,0.73,0,0,1,140,40,0.064659,1,9,0,0,0
paper2_revision_v3_transition_audit_20260906,SMOKE,coupled_hotspot,1,2026076101,180,29,11,1,FullResched,0.05,44.4444444444444,56,79.7006,0,0,56,140,40,0.0097972,0,NaN,0,0,0
paper2_revision_v3_transition_audit_20260906,SMOKE,coupled_hotspot,1,2026076101,180,29,11,1,HIVE,0.05,60,58,76.1835999999999,0,1,59,139,41,0.7859156,0,NaN,0,0,0
paper2_revision_v3_transition_audit_20260906,SMOKE,coupled_hotspot,1,2026076101,180,29,11,1,BigMECGreedy,0.05,43.3333333333333,17,23.3594,0,0,17,139,41,0.0004025,0,NaN,0,0,0
paper2_revision_v3_transition_audit_20260906,SMOKE,coupled_hotspot,1,2026076101,180,29,11,1,BudgetedLNS,0.05,61.1111111111111,2,3.4508,0,0,2,140,40,0.0634524,1,9,0,0,0
paper2_revision_v3_transition_audit_20260906,SMOKE,coupled_hotspot,1,2026076101,180,30,11,1,FullResched,0.05,48.8888888888889,50,72.3344,0,0,50,140,40,0.0093182,0,NaN,0,0,0
paper2_revision_v3_transition_audit_20260906,SMOKE,coupled_hotspot,1,2026076101,180,30,11,1,HIVE,0.05,53.3333333333333,49,66.6274,1,0,50,140,40,0.7935211,0,NaN,0,0,0
paper2_revision_v3_transition_audit_20260906,SMOKE,coupled_hotspot,1,2026076101,180,30,11,1,BigMECGreedy,0.05,38.8888888888889,15,21.8994,0,0,15,139,41,0.0004209,0,NaN,0,0,0
paper2_revision_v3_transition_audit_20260906,SMOKE,coupled_hotspot,1,2026076101,180,30,11,1,BudgetedLNS,0.05,58.8888888888889,0,0,0,0,0,140,40,0.0672679,1,9,0,0,0
paper2_revision_v3_transition_audit_20260906,SMOKE,coupled_hotspot,2,2026076102,180,1,11,0,FullResched,0.05,46.6666666666667,0,0,0,0,0,154,26,0.0091397,0,NaN,0,0,0
paper2_revision_v3_transition_audit_20260906,SMOKE,coupled_hotspot,2,2026076102,180,1,11,0,HIVE,0.05,44.4444444444444,0,0,0,0,0,154,26,0.7891174,0,NaN,0,0,0
paper2_revision_v3_transition_audit_20260906,SMOKE,coupled_hotspot,2,2026076102,180,1,11,0,BigMECGreedy,0.05,35,0,0,0,0,0,155,25,0.0108681,0,NaN,0,0,0
paper2_revision_v3_transition_audit_20260906,SMOKE,coupled_hotspot,2,2026076102,180,1,11,0,BudgetedLNS,0.05,47.2222222222222,0,0,0,0,0,154,26,0.0911658,1,9,0,0,0
paper2_revision_v3_transition_audit_20260906,SMOKE,coupled_hotspot,2,2026076102,180,2,11,0,FullResched,0.05,48.8888888888889,43,69.0848,0,0,43,154,26,0.0094584,0,NaN,0,0,0
paper2_revision_v3_transition_audit_20260906,SMOKE,coupled_hotspot,2,2026076102,180,2,11,0,HIVE,0.05,37.2222222222222,57,121.8462,0,0,57,154,26,0.8959122,0,NaN,0,0,0
paper2_revision_v3_transition_audit_20260906,SMOKE,coupled_hotspot,2,2026076102,180,2,11,0,BigMECGreedy,0.05,38.8888888888889,28,92.5825999999999,0,1,29,154,26,0.0004194,0,NaN,0,0,0
paper2_revision_v3_transition_audit_20260906,SMOKE,coupled_hotspot,2,2026076102,180,2,11,0,BudgetedLNS,0.05,51.1111111111111,11,68.2278,0,0,11,154,26,0.048379,1,9,1,2,0
paper2_revision_v3_transition_audit_20260906,SMOKE,coupled_hotspot,2,2026076102,180,3,11,0,FullResched,0.05,45,40,98.4867999999999,0,0,40,154,26,0.0089769,0,NaN,0,0,0
paper2_revision_v3_transition_audit_20260906,SMOKE,coupled_hotspot,2,2026076102,180,3,11,0,HIVE,0.05,41.6666666666667,59,133.1298,0,0,59,154,26,0.7698983,0,NaN,0,0,0
paper2_revision_v3_transition_audit_20260906,SMOKE,coupled_hotspot,2,2026076102,180,3,11,0,BigMECGreedy,0.05,35.5555555555556,31,73.1346,0,0,31,154,26,0.0004505,0,NaN,0,0,0
paper2_revision_v3_transition_audit_20260906,SMOKE,coupled_hotspot,2,2026076102,180,3,11,0,BudgetedLNS,0.05,49.4444444444444,4,45.331,0,0,4,154,26,0.0679939,1,9,0,0,0
paper2_revision_v3_transition_audit_20260906,SMOKE,coupled_hotspot,2,2026076102,180,4,11,0,FullResched,0.05,40,46,92.0477999999999,0,0,46,154,26,0.0095223,0,NaN,0,0,0
paper2_revision_v3_transition_audit_20260906,SMOKE,coupled_hotspot,2,2026076102,180,4,11,0,HIVE,0.05,51.1111111111111,60,112.2218,0,1,61,153,27,0.7756713,0,NaN,0,0,0
paper2_revision_v3_transition_audit_20260906,SMOKE,coupled_hotspot,2,2026076102,180,4,11,0,BigMECGreedy,0.05,35,28,68.9538,0,0,28,154,26,0.0005403,0,NaN,0,0,0
paper2_revision_v3_transition_audit_20260906,SMOKE,coupled_hotspot,2,2026076102,180,4,11,0,BudgetedLNS,0.05,48.8888888888889,9,91.392,0,0,9,154,26,0.0702204,1,9,0,0,0
paper2_revision_v3_transition_audit_20260906,SMOKE,coupled_hotspot,2,2026076102,180,5,11,0,FullResched,0.05,38.3333333333333,43,76.0526,0,0,43,154,26,0.0091065,0,NaN,0,0,0
paper2_revision_v3_transition_audit_20260906,SMOKE,coupled_hotspot,2,2026076102,180,5,11,0,HIVE,0.05,41.6666666666667,56,119.1254,0,0,56,153,27,0.9915983,0,NaN,0,0,0
paper2_revision_v3_transition_audit_20260906,SMOKE,coupled_hotspot,2,2026076102,180,5,11,0,BigMECGreedy,0.05,31.6666666666667,26,79.3082,0,0,26,154,26,0.0003673,0,NaN,0,0,0
paper2_revision_v3_transition_audit_20260906,SMOKE,coupled_hotspot,2,2026076102,180,5,11,0,BudgetedLNS,0.05,50,5,33.2512,0,1,6,153,27,0.0694401,1,9,0,0,0
paper2_revision_v3_transition_audit_20260906,SMOKE,coupled_hotspot,2,2026076102,180,6,11,0,FullResched,0.05,50.5555555555556,50,99.9447999999999,0,1,51,153,27,0.0097379,0,NaN,0,0,0
paper2_revision_v3_transition_audit_20260906,SMOKE,coupled_hotspot,2,2026076102,180,6,11,0,HIVE,0.05,46.6666666666667,65,128.6816,0,2,67,151,29,0.7799803,0,NaN,0,0,0
paper2_revision_v3_transition_audit_20260906,SMOKE,coupled_hotspot,2,2026076102,180,6,11,0,BigMECGreedy,0.05,31.1111111111111,22,74.3974,0,0,22,154,26,0.000382,0,NaN,0,0,0
paper2_revision_v3_transition_audit_20260906,SMOKE,coupled_hotspot,2,2026076102,180,6,11,0,BudgetedLNS,0.05,47.7777777777778,0,0,0,0,0,153,27,0.0707861,1,9,0,0,0
paper2_revision_v3_transition_audit_20260906,SMOKE,coupled_hotspot,2,2026076102,180,7,11,0,FullResched,0.05,48.8888888888889,49,82.4233999999999,0,1,50,152,28,0.0094624,0,NaN,0,0,0
paper2_revision_v3_transition_audit_20260906,SMOKE,coupled_hotspot,2,2026076102,180,7,11,0,HIVE,0.05,47.7777777777778,60,113.2172,0,0,60,151,29,0.7777122,0,NaN,0,0,0
paper2_revision_v3_transition_audit_20260906,SMOKE,coupled_hotspot,2,2026076102,180,7,11,0,BigMECGreedy,0.05,43.8888888888889,25,48.977,0,2,27,152,28,0.0003661,0,NaN,0,0,0
paper2_revision_v3_transition_audit_20260906,SMOKE,coupled_hotspot,2,2026076102,180,7,11,0,BudgetedLNS,0.05,45.5555555555556,6,47.7864,0,0,6,153,27,0.069198,1,9,0,0,0
paper2_revision_v3_transition_audit_20260906,SMOKE,coupled_hotspot,2,2026076102,180,8,11,0,FullResched,0.05,42.2222222222222,52,113.2192,0,0,52,152,28,0.0110502,0,NaN,0,0,0
paper2_revision_v3_transition_audit_20260906,SMOKE,coupled_hotspot,2,2026076102,180,8,11,0,HIVE,0.05,49.4444444444444,51,124.3036,0,0,51,151,29,0.7774913,0,NaN,0,0,0
paper2_revision_v3_transition_audit_20260906,SMOKE,coupled_hotspot,2,2026076102,180,8,11,0,BigMECGreedy,0.05,39.4444444444444,31,85.9443999999999,0,0,31,152,28,0.0003977,0,NaN,0,0,0
paper2_revision_v3_transition_audit_20260906,SMOKE,coupled_hotspot,2,2026076102,180,8,11,0,BudgetedLNS,0.05,43.8888888888889,8,52.2326,0,0,8,153,27,0.0587544,1,9,0,0,0
paper2_revision_v3_transition_audit_20260906,SMOKE,coupled_hotspot,2,2026076102,180,9,11,0,FullResched,0.05,45.5555555555556,56,107.311,0,0,56,152,28,0.0099521,0,NaN,0,0,0
paper2_revision_v3_transition_audit_20260906,SMOKE,coupled_hotspot,2,2026076102,180,9,11,0,HIVE,0.05,46.1111111111111,62,152.1112,0,0,62,151,29,0.7727311,0,NaN,0,0,0
paper2_revision_v3_transition_audit_20260906,SMOKE,coupled_hotspot,2,2026076102,180,9,11,0,BigMECGreedy,0.05,40,25,50.9678,0,0,25,152,28,0.0010424,0,NaN,0,0,0
paper2_revision_v3_transition_audit_20260906,SMOKE,coupled_hotspot,2,2026076102,180,9,11,0,BudgetedLNS,0.05,46.6666666666667,2,2.4554,0,1,3,152,28,0.0766287,1,9,0,0,0
paper2_revision_v3_transition_audit_20260906,SMOKE,coupled_hotspot,2,2026076102,180,10,11,0,FullResched,0.05,42.2222222222222,46,103.8622,0,0,46,152,28,0.0112955,0,NaN,0,0,0
paper2_revision_v3_transition_audit_20260906,SMOKE,coupled_hotspot,2,2026076102,180,10,11,0,HIVE,0.05,44.4444444444444,61,86.3368,1,0,62,152,28,0.7771913,0,NaN,0,0,0
paper2_revision_v3_transition_audit_20260906,SMOKE,coupled_hotspot,2,2026076102,180,10,11,0,BigMECGreedy,0.05,44.4444444444444,20,42.3408,0,1,21,151,29,0.0004055,0,NaN,0,0,0
paper2_revision_v3_transition_audit_20260906,SMOKE,coupled_hotspot,2,2026076102,180,10,11,0,BudgetedLNS,0.05,47.7777777777778,0,0,0,0,0,152,28,0.0711686,1,9,0,0,0
paper2_revision_v3_transition_audit_20260906,SMOKE,coupled_hotspot,2,2026076102,180,11,11,1,FullResched,0.05,42.2222222222222,62,89.0575999999999,0,11,73,141,39,0.010527,0,NaN,0,0,0
paper2_revision_v3_transition_audit_20260906,SMOKE,coupled_hotspot,2,2026076102,180,11,11,1,HIVE,0.05,42.7777777777778,64,90.5175999999999,0,11,75,141,39,0.7795602,0,NaN,0,0,0
paper2_revision_v3_transition_audit_20260906,SMOKE,coupled_hotspot,2,2026076102,180,11,11,1,BigMECGreedy,0.05,48.3333333333333,53,75.5198,0,11,64,140,40,0.0003646,0,NaN,0,0,0
paper2_revision_v3_transition_audit_20260906,SMOKE,coupled_hotspot,2,2026076102,180,11,11,1,BudgetedLNS,0.05,57.7777777777778,11,16.9886,0,12,23,140,40,0.066631,1,9,1,2,0
paper2_revision_v3_transition_audit_20260906,SMOKE,coupled_hotspot,2,2026076102,180,12,11,1,FullResched,0.05,43.3333333333333,51,71.0736,0,0,51,141,39,0.0101706,0,NaN,0,0,0
paper2_revision_v3_transition_audit_20260906,SMOKE,coupled_hotspot,2,2026076102,180,12,11,1,HIVE,0.05,35.5555555555556,50,71.339,0,0,50,141,39,0.7727002,0,NaN,0,0,0
paper2_revision_v3_transition_audit_20260906,SMOKE,coupled_hotspot,2,2026076102,180,12,11,1,BigMECGreedy,0.05,52.2222222222222,21,30.261,0,0,21,140,40,0.0004591,0,NaN,0,0,0
paper2_revision_v3_transition_audit_20260906,SMOKE,coupled_hotspot,2,2026076102,180,12,11,1,BudgetedLNS,0.05,60.5555555555556,0,0,0,0,0,140,40,0.0632642,1,9,0,0,0
paper2_revision_v3_transition_audit_20260906,SMOKE,coupled_hotspot,2,2026076102,180,13,11,1,FullResched,0.05,47.7777777777778,47,71.1398,0,0,47,141,39,0.0102915,0,NaN,0,0,0
paper2_revision_v3_transition_audit_20260906,SMOKE,coupled_hotspot,2,2026076102,180,13,11,1,HIVE,0.05,39.4444444444444,41,60.7874,0,0,41,141,39,0.9976682,0,NaN,0,0,0
paper2_revision_v3_transition_audit_20260906,SMOKE,coupled_hotspot,2,2026076102,180,13,11,1,BigMECGreedy,0.05,51.1111111111111,27,38.6226,0,0,27,140,40,0.0004007,0,NaN,0,0,0
paper2_revision_v3_transition_audit_20260906,SMOKE,coupled_hotspot,2,2026076102,180,13,11,1,BudgetedLNS,0.05,62.7777777777778,1,0.73,0,0,1,140,40,0.0665986,1,9,0,0,0
paper2_revision_v3_transition_audit_20260906,SMOKE,coupled_hotspot,2,2026076102,180,14,11,1,FullResched,0.05,52.2222222222222,44,63.9728,0,0,44,141,39,0.0107857,0,NaN,0,0,0
paper2_revision_v3_transition_audit_20260906,SMOKE,coupled_hotspot,2,2026076102,180,14,11,1,HIVE,0.05,46.1111111111111,38,55.6112,0,0,38,141,39,0.9989075,0,NaN,0,0,0
paper2_revision_v3_transition_audit_20260906,SMOKE,coupled_hotspot,2,2026076102,180,14,11,1,BigMECGreedy,0.05,51.6666666666667,22,28.0048,0,0,22,140,40,0.0003442,0,NaN,0,0,0
paper2_revision_v3_transition_audit_20260906,SMOKE,coupled_hotspot,2,2026076102,180,14,11,1,BudgetedLNS,0.05,62.7777777777778,0,0,0,0,0,140,40,0.0685512,1,9,0,0,0
paper2_revision_v3_transition_audit_20260906,SMOKE,coupled_hotspot,2,2026076102,180,15,11,1,FullResched,0.05,54.4444444444444,45,62.712,0,0,45,141,39,0.0099578,0,NaN,0,0,0
paper2_revision_v3_transition_audit_20260906,SMOKE,coupled_hotspot,2,2026076102,180,15,11,1,HIVE,0.05,52.7777777777778,58,78.1744,0,1,59,140,40,0.9958492,0,NaN,0,0,0
paper2_revision_v3_transition_audit_20260906,SMOKE,coupled_hotspot,2,2026076102,180,15,11,1,BigMECGreedy,0.05,49.4444444444444,22,28.0048,1,0,23,141,39,0.0003803,0,NaN,0,0,0
paper2_revision_v3_transition_audit_20260906,SMOKE,coupled_hotspot,2,2026076102,180,15,11,1,BudgetedLNS,0.05,60.5555555555556,8,11.8124,1,0,9,141,39,0.0570216,1,9,0,0,0
paper2_revision_v3_transition_audit_20260906,SMOKE,coupled_hotspot,2,2026076102,180,16,11,1,FullResched,0.05,45.5555555555556,47,68.1536,1,0,48,142,38,0.0095708,0,NaN,0,0,0
paper2_revision_v3_transition_audit_20260906,SMOKE,coupled_hotspot,2,2026076102,180,16,11,1,HIVE,0.05,54.4444444444444,50,75.3206,1,0,51,141,39,0.787859,0,NaN,0,0,0
paper2_revision_v3_transition_audit_20260906,SMOKE,coupled_hotspot,2,2026076102,180,16,11,1,BigMECGreedy,0.05,49.4444444444444,22,29.9956,1,0,23,142,38,0.0003469,0,NaN,0,0,0
paper2_revision_v3_transition_audit_20260906,SMOKE,coupled_hotspot,2,2026076102,180,16,11,1,BudgetedLNS,0.05,66.6666666666667,9,14.5332,0,0,9,141,39,0.0155633,1,9,0,0,0
paper2_revision_v3_transition_audit_20260906,SMOKE,coupled_hotspot,2,2026076102,180,17,11,1,FullResched,0.05,61.1111111111111,49,75.586,0,1,50,141,39,0.0099246,0,NaN,0,0,0
paper2_revision_v3_transition_audit_20260906,SMOKE,coupled_hotspot,2,2026076102,180,17,11,1,HIVE,0.05,48.8888888888889,40,57.0712,1,0,41,142,38,1.0181707,0,NaN,0,0,0
paper2_revision_v3_transition_audit_20260906,SMOKE,coupled_hotspot,2,2026076102,180,17,11,1,BigMECGreedy,0.05,47.2222222222222,17,21.3686,1,0,18,143,37,0.0004246,0,NaN,0,0,0
paper2_revision_v3_transition_audit_20260906,SMOKE,coupled_hotspot,2,2026076102,180,17,11,1,BudgetedLNS,0.05,70,3,4.1808,0,0,3,141,39,0.0620642,1,9,0,0,0
paper2_revision_v3_transition_audit_20260906,SMOKE,coupled_hotspot,2,2026076102,180,18,11,1,FullResched,0.05,52.7777777777778,36,54.1512,1,0,37,142,38,0.0092577,0,NaN,0,0,0
paper2_revision_v3_transition_audit_20260906,SMOKE,coupled_hotspot,2,2026076102,180,18,11,1,HIVE,0.05,53.3333333333333,46,66.4282,0,0,46,142,38,1.0069575,0,NaN,0,0,0
paper2_revision_v3_transition_audit_20260906,SMOKE,coupled_hotspot,2,2026076102,180,18,11,1,BigMECGreedy,0.05,50.5555555555556,16,20.6386,0,1,17,142,38,0.0003674,0,NaN,0,0,0
paper2_revision_v3_transition_audit_20260906,SMOKE,coupled_hotspot,2,2026076102,180,18,11,1,BudgetedLNS,0.05,69.4444444444444,0,0,0,0,0,141,39,0.0635509,1,9,0,0,0
paper2_revision_v3_transition_audit_20260906,SMOKE,coupled_hotspot,2,2026076102,180,19,11,1,FullResched,0.05,53.8888888888889,43,64.2382,0,0,43,142,38,0.0098595,0,NaN,0,0,0
paper2_revision_v3_transition_audit_20260906,SMOKE,coupled_hotspot,2,2026076102,180,19,11,1,HIVE,0.05,52.7777777777778,48,68.8836,0,0,48,142,38,1.125776,0,NaN,0,0,0
paper2_revision_v3_transition_audit_20260906,SMOKE,coupled_hotspot,2,2026076102,180,19,11,1,BigMECGreedy,0.05,51.1111111111111,22,27.0094,0,0,22,142,38,0.000408,0,NaN,0,0,0
paper2_revision_v3_transition_audit_20260906,SMOKE,coupled_hotspot,2,2026076102,180,19,11,1,BudgetedLNS,0.05,69.4444444444444,0,0,0,0,0,141,39,0.0615128,1,9,0,0,0
paper2_revision_v3_transition_audit_20260906,SMOKE,coupled_hotspot,2,2026076102,180,20,11,1,FullResched,0.05,53.8888888888889,56,84.6775999999999,0,0,56,142,38,0.0089374,0,NaN,0,0,0
paper2_revision_v3_transition_audit_20260906,SMOKE,coupled_hotspot,2,2026076102,180,20,11,1,HIVE,0.05,59.4444444444444,53,75.5198,0,0,53,142,38,0.7892881,0,NaN,0,0,0
paper2_revision_v3_transition_audit_20260906,SMOKE,coupled_hotspot,2,2026076102,180,20,11,1,BigMECGreedy,0.05,50,26,36.8972,1,0,27,143,37,0.0004124,0,NaN,0,0,0
paper2_revision_v3_transition_audit_20260906,SMOKE,coupled_hotspot,2,2026076102,180,20,11,1,BudgetedLNS,0.05,67.2222222222222,0,0,0,0,0,141,39,0.0631652,1,9,0,0,0
paper2_revision_v3_transition_audit_20260906,SMOKE,coupled_hotspot,2,2026076102,180,21,11,1,FullResched,0.05,56.6666666666667,46,67.4236,0,0,46,142,38,0.008891,0,NaN,0,0,0
paper2_revision_v3_transition_audit_20260906,SMOKE,coupled_hotspot,2,2026076102,180,21,11,1,HIVE,0.05,48.3333333333333,54,75.2544,0,0,54,142,38,0.791085,0,NaN,0,0,0
paper2_revision_v3_transition_audit_20260906,SMOKE,coupled_hotspot,2,2026076102,180,21,11,1,BigMECGreedy,0.05,48.8888888888889,31,43.5334,0,1,32,142,38,0.0004053,0,NaN,0,0,0
paper2_revision_v3_transition_audit_20260906,SMOKE,coupled_hotspot,2,2026076102,180,21,11,1,BudgetedLNS,0.05,67.2222222222222,1,0.73,0,0,1,141,39,0.0609402,1,9,0,0,0
paper2_revision_v3_transition_audit_20260906,SMOKE,coupled_hotspot,2,2026076102,180,22,11,1,FullResched,0.05,55,44,67.9544,0,0,44,142,38,0.0089915,0,NaN,0,0,0
paper2_revision_v3_transition_audit_20260906,SMOKE,coupled_hotspot,2,2026076102,180,22,11,1,HIVE,0.05,56.6666666666667,44,62.9774,0,1,45,141,39,1.0094541,0,NaN,0,0,0
paper2_revision_v3_transition_audit_20260906,SMOKE,coupled_hotspot,2,2026076102,180,22,11,1,BigMECGreedy,0.05,45,24,38.4234,1,0,25,143,37,0.0004782,0,NaN,0,0,0
paper2_revision_v3_transition_audit_20260906,SMOKE,coupled_hotspot,2,2026076102,180,22,11,1,BudgetedLNS,0.05,66.1111111111111,0,0,0,0,0,141,39,0.063492,1,9,0,0,0
paper2_revision_v3_transition_audit_20260906,SMOKE,coupled_hotspot,2,2026076102,180,23,11,1,FullResched,0.05,59.4444444444444,47,71.1398,0,1,48,141,39,0.0095123,0,NaN,0,0,0
paper2_revision_v3_transition_audit_20260906,SMOKE,coupled_hotspot,2,2026076102,180,23,11,1,HIVE,0.05,61.1111111111111,57,81.4259999999999,0,0,57,141,39,1.030959,0,NaN,0,0,0
paper2_revision_v3_transition_audit_20260906,SMOKE,coupled_hotspot,2,2026076102,180,23,11,1,BigMECGreedy,0.05,44.4444444444444,23,30.7256,0,1,24,142,38,0.0003749,0,NaN,0,0,0
paper2_revision_v3_transition_audit_20260906,SMOKE,coupled_hotspot,2,2026076102,180,23,11,1,BudgetedLNS,0.05,63.3333333333333,0,0,0,0,0,141,39,0.0622476,1,9,0,0,0
paper2_revision_v3_transition_audit_20260906,SMOKE,coupled_hotspot,2,2026076102,180,24,11,1,FullResched,0.05,53.3333333333333,38,56.6066,0,0,38,141,39,0.0115887,0,NaN,0,0,0
paper2_revision_v3_transition_audit_20260906,SMOKE,coupled_hotspot,2,2026076102,180,24,11,1,HIVE,0.05,47.2222222222222,45,65.6982,1,0,46,142,38,1.0062644,0,NaN,0,0,0
paper2_revision_v3_transition_audit_20260906,SMOKE,coupled_hotspot,2,2026076102,180,24,11,1,BigMECGreedy,0.05,48.8888888888889,27,37.6272,0,1,28,141,39,0.0003972,0,NaN,0,0,0
paper2_revision_v3_transition_audit_20260906,SMOKE,coupled_hotspot,2,2026076102,180,24,11,1,BudgetedLNS,0.05,61.6666666666667,0,0,0,0,0,141,39,0.0653638,1,9,0,0,0
paper2_revision_v3_transition_audit_20260906,SMOKE,coupled_hotspot,2,2026076102,180,25,11,1,FullResched,0.05,50,52,76.7806,0,0,52,141,39,0.0095169,0,NaN,0,0,0
paper2_revision_v3_transition_audit_20260906,SMOKE,coupled_hotspot,2,2026076102,180,25,11,1,HIVE,0.05,53.8888888888889,46,66.4282,0,1,47,141,39,0.779695,0,NaN,0,0,0
paper2_revision_v3_transition_audit_20260906,SMOKE,coupled_hotspot,2,2026076102,180,25,11,1,BigMECGreedy,0.05,50,25,34.1764,0,0,25,141,39,0.0004565,0,NaN,0,0,0
paper2_revision_v3_transition_audit_20260906,SMOKE,coupled_hotspot,2,2026076102,180,25,11,1,BudgetedLNS,0.05,61.1111111111111,6,10.3524,0,0,6,141,39,0.0663424,1,9,0,0,0
paper2_revision_v3_transition_audit_20260906,SMOKE,coupled_hotspot,2,2026076102,180,26,11,1,FullResched,0.05,51.6666666666667,48,69.879,0,0,48,141,39,0.0094426,0,NaN,0,0,0
paper2_revision_v3_transition_audit_20260906,SMOKE,coupled_hotspot,2,2026076102,180,26,11,1,HIVE,0.05,42.2222222222222,66,88.9914,0,0,66,141,39,0.7800563,0,NaN,0,0,0
paper2_revision_v3_transition_audit_20260906,SMOKE,coupled_hotspot,2,2026076102,180,26,11,1,BigMECGreedy,0.05,51.6666666666667,27,40.6134,0,1,28,140,40,0.0003855,0,NaN,0,0,0
paper2_revision_v3_transition_audit_20260906,SMOKE,coupled_hotspot,2,2026076102,180,26,11,1,BudgetedLNS,0.05,57.7777777777778,1,0.73,0,0,1,141,39,0.0650096,1,9,0,0,0
paper2_revision_v3_transition_audit_20260906,SMOKE,coupled_hotspot,2,2026076102,180,27,11,1,FullResched,0.05,48.8888888888889,46,62.4466,0,0,46,141,39,0.0089902,0,NaN,0,0,0
paper2_revision_v3_transition_audit_20260906,SMOKE,coupled_hotspot,2,2026076102,180,27,11,1,HIVE,0.05,47.7777777777778,56,80.696,0,0,56,141,39,0.7887599,0,NaN,0,0,0
paper2_revision_v3_transition_audit_20260906,SMOKE,coupled_hotspot,2,2026076102,180,27,11,1,BigMECGreedy,0.05,48.8888888888889,23,33.7118,0,0,23,140,40,0.0005014,0,NaN,0,0,0
paper2_revision_v3_transition_audit_20260906,SMOKE,coupled_hotspot,2,2026076102,180,27,11,1,BudgetedLNS,0.05,54.4444444444444,1,0.73,0,0,1,141,39,0.0671145,1,9,0,0,0
paper2_revision_v3_transition_audit_20260906,SMOKE,coupled_hotspot,2,2026076102,180,28,11,1,FullResched,0.05,45,57,83.4167999999999,0,0,57,141,39,0.0088947,0,NaN,0,0,0
paper2_revision_v3_transition_audit_20260906,SMOKE,coupled_hotspot,2,2026076102,180,28,11,1,HIVE,0.05,35,48,67.8882,0,0,48,141,39,1.0005502,0,NaN,0,0,0
paper2_revision_v3_transition_audit_20260906,SMOKE,coupled_hotspot,2,2026076102,180,28,11,1,BigMECGreedy,0.05,48.8888888888889,20,25.5494,0,0,20,140,40,0.0004094,0,NaN,0,0,0
paper2_revision_v3_transition_audit_20260906,SMOKE,coupled_hotspot,2,2026076102,180,28,11,1,BudgetedLNS,0.05,52.2222222222222,6,10.3524,0,0,6,141,39,0.0689725,1,9,0,0,0
paper2_revision_v3_transition_audit_20260906,SMOKE,coupled_hotspot,2,2026076102,180,29,11,1,FullResched,0.05,50.5555555555556,51,76.0506,0,1,52,140,40,0.0100662,0,NaN,0,0,0
paper2_revision_v3_transition_audit_20260906,SMOKE,coupled_hotspot,2,2026076102,180,29,11,1,HIVE,0.05,45,51,76.0506,0,0,51,141,39,0.7820036,0,NaN,0,0,0
paper2_revision_v3_transition_audit_20260906,SMOKE,coupled_hotspot,2,2026076102,180,29,11,1,BigMECGreedy,0.05,51.6666666666667,23,31.721,0,1,24,139,41,0.0003687,0,NaN,0,0,0
paper2_revision_v3_transition_audit_20260906,SMOKE,coupled_hotspot,2,2026076102,180,29,11,1,BudgetedLNS,0.05,57.7777777777778,9,13.5378,0,1,10,140,40,0.0543294,1,9,0,0,0
paper2_revision_v3_transition_audit_20260906,SMOKE,coupled_hotspot,2,2026076102,180,30,11,1,FullResched,0.05,46.1111111111111,53,75.5198,1,0,54,141,39,0.0097801,0,NaN,0,0,0
paper2_revision_v3_transition_audit_20260906,SMOKE,coupled_hotspot,2,2026076102,180,30,11,1,HIVE,0.05,37.7777777777778,44,66.959,0,0,44,141,39,0.9989303,0,NaN,0,0,0
paper2_revision_v3_transition_audit_20260906,SMOKE,coupled_hotspot,2,2026076102,180,30,11,1,BigMECGreedy,0.05,50,25,32.1856,1,0,26,140,40,0.0003837,0,NaN,0,0,0
paper2_revision_v3_transition_audit_20260906,SMOKE,coupled_hotspot,2,2026076102,180,30,11,1,BudgetedLNS,0.05,61.6666666666667,6,8.3616,0,0,6,140,40,0.0683325,1,9,0,0,0
